,name,result
0,平安银行股份有限公司,"平安银行股份有限公司（英文：PING  AN  BANK  CO.,LTD.；简称平安银行），是一家总部位于中國大陸广东省深圳市的全国性股份制商业银行，是中国平安集团旗下子公司，同时也是平安集团三大业务支柱之一。"
1,万科企业股份有限公司,"万科企业股份有限公司，简称万科或万科集团（英语：CHINA VANKE CO., LTD.，深交所：000002、港交所：2202）。"
2,深圳中国农大科技股份有限公司,深圳中国农大科技股份有限公司，证券简称：G*ST国农、证券代码：000004，公司曾用名称：蛇口安达运输股份有限公司、深圳市蛇口安达实业股份有限公司、深圳市北大高科技股份有限公司，曾用简称：深安达Ａ、ST深安达、深安达Ａ、北大高科、国农科技、ST国农。
3,深圳世纪星源股份有限公司,深圳世纪星源股份有限公司，证券简称：GST星源、证券代码：000005，公司曾用名称：深圳原野纺织股份有限公司、深圳原野实业股份有限公司，曾用简称：深原野Ａ、深星源Ａ、世纪星源、ST星源、*ST星源。
4,中国宝安集团股份有限公司,中国宝安集团股份有限公司，证券简称：深宝安A、证券代码：000009，曾用名称：深圳市宝安企业（集团）股份有限公司，曾用简称：深宝安、ST深宝安。
5,中国南玻集团股份有限公司,中国南玻集团股份有限公司 （深交所：000012 ，简称：南玻A；B股：200012，简称：南玻B）是中国一家研发及生产玻璃的国有企业。
6,沙河实业股份有限公司,沙河实业股份有限公司 （深交所：000014）是中国一家从事房地产开发经营、国内商业、物资供销业、兴办实业的上市公司。
7,康佳集团股份有限公司,"康佳集团股份有限公司（英语：Konka Group Co., Ltd.；深交所：000016（A股）；深交所：200016（B股）），简称康佳集团或康佳，是中国一家从事电子电器制造的公司，成立于1980年5月21日，前身是1980年代中国改革开放后诞生的第一家中外合资电子企业“广东光明华侨电子工业公司”，1991年改组为股份制公司。"
8,深圳中恒华发股份有限公司,深圳中恒华发股份有限公司 （股票简称：深华发A，深交所：000020）是中国一家从事电子元器件制造业、物业租赁业的上市公司。
9,国药集团一致药业股份有限公司,深圳一致药业股份有限公司 （股票简称：一致药业，深交所：000028）是中国一家从事药品及医疗器械批发业；食品、饮料、烟草和家庭用品批发业的上市公司。
10,深圳市桑达实业股份有限公司,深圳桑达实业股份有限公司 （公司简称：深桑达A，深交所：000032）是中国一家从事通信设备制造、国内商业、物资供销业的上市公司。
11,华联控股股份有限公司,华联控股股份有限公司 （公司简称：华联控股，深交所：000036）是中国一家从事投资兴办实业，生产经营各种布料、服装、化纤和纺织机械，国内商业、物资供销业，自有物业管理，承接内引外联，“三来一补”业务的上市公司。
12,深圳南山热电股份有限公司,深圳南山热电股份有限公司 （股票简称：深南电A，深交所：000037）是中国深圳证券交易所的上市公司，主营业务范围包括：生产经营供电、供热，从事发电厂（站）的相关技术咨询和技术服务。
13,深圳大通实业股份有限公司,深圳大通实业股份有限公司 （股票简称：*ST大通，深交所：000038）是中国深圳证券交易所的上市公司，主营业务范围包括：房地产开发、经营，国内商业，物资供销业，兴办实业，计算机软硬件开发及销售，经营进出口业务。
14,深圳市德赛电池科技股份有限公司,深圳市德赛电池科技股份有限公司 （深交所：000049）是中国深圳证券交易所的一家上市公司，主营业务范围包括：制造业、电器机械及器材制造业。
15,天马微电子股份有限公司,"天马微电子股份有限公司 （TIANMA MICROELECTRONICS CO. LTD.，深交所：000050 ，简称：深天马A）,是中国深圳证券交易所的一家上市公司，主营业务范围包括：制造销售各类液晶显示器及与之相关的材料、设备和产品；普通货运；货物与技术的进出口。"
16,方大集团股份有限公司,方大集团股份有限公司 （深交所：000055）是中国深圳证券交易所的一家上市公司，成立于1995年12月13日，业务范围包括：产经营新型建筑材料、复合材料、金属制品、金属结构、环保设备及器材、公共安全防范设备、冶金设备、光机电一体化产品、高分子材料及产品、精细化工产品、机械设备、光电材料及器材、光电设备、电子显示设备、视听设备、交通设施、各种暖通设备及产品、给排水设备、中央空调设备及其零配件、半导体材料及器件、集成电路、光源产品及设备、太阳能产品及上述产品的设计、技术开发、安装、施工、相关技术咨询和培训，物业管理、物业租赁、停车场经营。
17,深圳赛格股份有限公司,深圳赛格股份有限公司 是中国深圳证券交易所的一家上市公司，成立于1996年7月16日，是经深圳市人民政府批准，由深圳市赛格集团有限公司将其在所属八家直属、控股及联营公司中的权益进行重组，作为发起人出资，并公开发行境内上市外资股（B股）而募集设立的股份有限公司。
18,深圳华强实业股份有限公司,深圳华强实业股份有限公司 （深交所：000062）是中国深圳证券交易所的一家上市公司，成立于1994年1月19日，业务范围包括：投资兴办各类实业，国内商业、物资供销业、经济信息咨询；自有物业管理；计算机软硬件及网络、通信产品、激光头及其应用产品的技术开发及销售。
19,中兴通讯股份有限公司,中興通訊（簡稱：中興或ZTE；深交所：000063、港交所：763）是一家中國大陸跨國科技公司，於1985年成立。
20,北方国际合作股份有限公司,北方国际合作股份有限公司 （深交所：000065）是中国深圳证券交易所的一家上市公司，成立于1997年6月17日，业务范围包括：各类型工业、能源、交通、民用工程建设项目的施工总承包；承包境外工程及境内国际招标工程；自营和代理各类商品及技术的进出口业务；经营进料加工和“三来一补”业务；经营对销贸易和转口贸易；铝型材、铝门窗、铝制品、建筑幕墙和室内外装饰工程设计、制作、施工、机械安装及修理。
21,深圳市特发信息股份有限公司,深圳市特发信息股份有限公司 （深交所：000070）是中国深圳证券交易所的一家上市公司，成立于1999年7月29日，业务范围包括：光纤、光缆、光纤预制棒、电子元器件、通讯设备、电力线缆、电力通信光缆、金具及附件的生产；通信设备系统工程的设计、安装、维护、调试、咨询；软件工程的开发、销售、服务；计算机网络系统集成、通信信息服务；国内商业、物资供销业；进出口贸易业务；自动化设备应用技术的开发；自有物业租赁、物业管理；停车服务。
22,深圳市海王生物工程股份有限公司,深圳市海王生物工程股份有限公司 （深交所：000078）是中国深圳证券交易所的一家上市公司，成立于1992年12月13日，业务范围包括：生产经营生物化学原料、制品、试剂及其它相关制品；开发生物化学产品和其他相关制品；自营进出口业务；预包装食品，乳制品；批发。
23,深圳市盐田港股份有限公司,深圳市盐田港股份有限公司 （深交所：000088）是中国深圳证券交易所的一家上市公司，成立于1997年7月21日，业务范围包括：码头的开发与经营；货物装卸与运输；港口配套交通设施建设与经营；港口配套仓储及工业设施建设与经营；港口配套生活服务设施的建设与经营；集装箱修理；转口贸易，货物及技术进出口。
24,深圳市机场股份有限公司,深圳宝安国际机场（英文Shenzhen Baoan International Airport，舊稱深圳黃田國際机場，IATA代码：SZX；ICAO代码：ZGSZ，简称深圳机场，宝安机场）是一座位於中國廣東省深圳市宝安区福永街道的國際機場，于1991年通航，僅啟用了10多年就成为了中国大陸最大航空港之一。
25,深圳市广聚能源股份有限公司,深圳市广聚能源股份有限公司 （深交所：000096）是中国深圳证券交易所的一家上市公司，成立于1999年2月18日，业务范围包括：国内商业、物资供销业（不含专营、专控、专卖商品）；投资电力企业；成品油；经营液化石油气；进出口业务。
26,中信海洋直升机股份有限公司,中信海洋直升机股份有限公司 （简称：中信海直，深交所：000099）目前是中国规模最大的通用航空企业，具有通用航空全业务运营资质和能力。
27,TCL集团股份有限公司,TCL集团股份有限公司（深交所：000100），是一家总部位于中国大陸广东省惠州的电子、电器制造企业。
28,中成进出口股份有限公司,中成进出口股份有限公司 （深交所：000151）是中国深圳证券交易所的一家上市公司，成立于1999年3月1日，业务范围包括：进出口业务；承担对外经济技术援助项目和对外提供一般物资援助项目，承包各类境外工程和境内外资工程；提供经济、贸易、技术、信息的咨询和交流服务；成套设备和技术系统集成及相关技术服务；仓储；房屋租赁。
29,安徽丰原药业股份有限公司,"安徽丰原药业股份有限公司（深交所：000153，英文：Anhui Fengyuan Pharmaceutical Co.,Ltd.，简称丰原药业），是中国深圳证券交易所的一家上市公司，成立于1997年8月30日，公司业务范围包括制剂、原料药、健康医疗、商业物流等，是国家级高新技术企业和中国医药工业百强企业。"
30,中联重科股份有限公司,中联重科（简称中联重科、英语：Zoomlion，深交所：000157、港交所：1157）是一家中国工程机械装备制造企业，也是中国唯一一家在上海和香港上市的重工企业。
31,新疆国际实业股份有限公司,新疆国际实业股份有限公司 （深交所：000159）是中国深圳证券交易所的一家从事制造业、石油加工及炼焦业、炼焦业的上市公司，成立于1999年3月28日。
32,申万宏源集团股份有限公司,申万宏源集團股份有限公司（深交所：000166、港交所：6806）简称：申万宏源，是一家总部设立在上海的证券公司。
33,许继电气股份有限公司,许继电气股份有限公司 （深交所：000400）是中国深圳证券交易所的一家从事电器机械及器材制造业、输配电及控制设备制造业的上市公司，成立于1996年12月27日。
34,唐山冀东水泥股份有限公司,唐山冀东水泥股份有限公司 （深交所：000401）是中国深圳证券交易所的一家从事非金属矿物制品业、水泥制造业的上市公司，成立于1994年5月8日。
35,金融街控股股份有限公司,金融街控股股份有限公司（深交所：000402 ，简称：金融街）是深圳證券交易所的一家上市公司，從事房地產開發、出租、銷售；物業管理；零售及貿易等服務。
36,振兴生化股份有限公司,振兴生化股份有限公司是中国深圳证券交易所的一家从事医药制造业的上市公司，成立于1995年5月22日。
37,山东胜利股份有限公司,山东胜利股份有限公司 （深交所：000407）是中国深圳证券交易所的一家从事药物制造、房地产开发、股权投资的上市公司，成立于1994年5月11日。
38,沈阳机床股份有限公司,沈阳机床股份有限公司（深交所：000410 ，简称：沈阳机床）公司总股本54547.09万股（2007年末），总部位于中国沈阳市经济技术开发区开发大路17甲1号，现任董事长为关锡友，总裁为王鹤。
39,浙江英特集团股份有限公司,"浙江英特集团股份有限公司 （深交所：000411，ZHEJIANG INTL GROUP CO.,LTD.）是中国深圳证券交易所的一家上市公司，主营业务范围为食品、饮料、烟草和家庭用品批发业。"
40,合肥百货大楼集团股份有限公司,"合肥百货大楼集团股份有限公司 （深交所：000417，HEFEI DAPARTMENT STORE GROUP CO.,LTD）是中国深圳证券交易所的一家上市公司，同时也是合肥市人民政府国有资产监督管理委员会监管的合肥市属国有企业，公司主营业务范围为零售业。"
41,长沙通程控股股份有限公司,长沙通程控股（简称：通程控股；深交所：000419）为一家办公注册于湖南省长沙市的上市股份制公司，主营商贸、旅游酒店产业。
42,吉林化纤股份有限公司,"吉林化纤股份有限公司 （深交所：000420，JILIN CHEMICAL FIBRE STOCK CO.,LTD.）是中国深圳证券交易所的一家上市公司，主营业务范围为化学纤维制造业。"
43,湖北宜化化工股份有限公司,湖北宜化化工股份有限公司（深交所：000422）简称湖北宜化，公司坐落在湖北省宜昌市，湖北宜化的前身是创建于1977年的湖北宜昌地区化工厂。
44,东阿阿胶股份有限公司,"東阿阿膠股份有限公司（英语：Dong-E-E-Jiao Co., Ltd.），簡稱東阿阿膠，前身為山東聊城東阿阿膠廠，1952年建廠，1993年由國有企業改組為股份制企業。"
45,内蒙古兴业矿业股份有限公司,"内蒙古兴业矿业股份有限公司 （深交所：000426，INNER MONGOLIA XINGYE MINING CO.,LTD）是中国深圳证券交易所的一家上市公司，主营业务范围为有色金属矿采选业。"
46,华天酒店集团股份有限公司,华天酒店集团股份有限公司 （深交所：000428，简称华天酒店）是中国深圳证券交易所的一家上市公司，主营业务范围为社会服务业。
47,广东省高速公路发展股份有限公司,廣東省高速公路發展股份有限公司，簡稱廣東省高速公路發展股份、廣東省高速公路發展、粵高速，以及粵高速B（英语：Guangdong Provincial Expressway Development Company Limited，深交所：000429、深交所：200429），在1993年由廣東省人民政府設立，現時由广东省交通集团有限公司旗下公司，該公司持有40.83%股權，該公司前身為「广东佛开高速公路股份有限公司」。
48,武汉武商集团股份有限公司,"武汉武商集团股份有限公司 （深交所：000501，WUHAN DEPARTMENT STORE GROUP CO.,LTD.）是中国深圳证券交易所的一家上市公司，主营业务范围为零售业。"
49,绿景控股股份有限公司,绿景控股股份有限公司（简称：绿景控股，曾用简称：绿景地产、恒大地产、琼能源，深交所：000502）是一家从事房地产的股份制上市公司。
50,珠海港股份有限公司,"珠海港股份有限公司 （ZHUHAI PORT CO., LTD，深交所：000507）是中国深圳证券交易所的一家上市公司，前身是珠海经济特区富华集团股份有限公司，成立于1986年6月。"
51,华塑控股股份有限公司,"华塑控股股份有限公司 （深交所：000509，Huasu Holdings Co., Ltd）是中国深圳证券交易所的一家上市公司，主营业务范围为塑料制造业。"
52,四川金路集团股份有限公司,"四川金路集团股份有限公司 （深交所：000510，SICHUAN JINLU GROUP CO., LTD.）是中国深圳证券交易所的一家上市公司，主营业务范围为化学原料及化学制品制造业。"
53,丽珠医药集团股份有限公司,丽珠医药集团股份有限公司 （深交所：000513、港交所：1513，Livzon Pharmaceutical Group Inc.）是中国深圳证券交易所的一家上市公司，主营业务范围为医药制造业。
54,长航凤凰股份有限公司,"长航凤凰股份有限公司 （深交所：000520，Chang Jiang Shipping Group Phoenix Co.,Ltd）是中国深圳证券交易所的一家上市公司，主营业务范围为水上运输业。"
55,长虹美菱股份有限公司,"长虹美菱股份有限公司（深交所：000521 ，简称：长虹美菱；B股：200521，简称：虹美菱B，英文：Changhong Meiling Co.,Ltd.），是中国深圳证券交易所的一家上市公司，主要从事冰箱、冰柜、空调等家电产品的研发、生产和销售。"
56,广州市浪奇实业股份有限公司,"广州市浪奇实业股份有限公司（英文：Lonkey Industrial Co.Ltd., Guangzhou，证券简称：广州浪奇，深交所：000523），是一间从事化工行业的上市公司。"
57,南京红太阳股份有限公司,"南京红太阳股份有限公司 （深交所：000525，NANJING RED SUN CO.,LTD.）是中国深圳证券交易所的一家上市公司，主营业务范围为化学原料及化学制品制造业。"
58,广西柳工机械股份有限公司,广西柳工机械股份有限公司始建于1958年，前身为从上海华东钢铁建筑厂部分搬迁到柳州而创建的“柳州工程机械厂”。
59,广东广弘控股股份有限公司,"广东广弘控股股份有限公司（证券简称：广弘控股、曾用简称：粤美雅等，深交所：000529）是一间肉类食品供应和教育出版物发行
的大型国有控股企业。"
60,大连冷冻机股份有限公司,"大连冷冻机股份有限公司 （深交所：000530，DALIAN REFRIGERATION CO.,LTD）是中国深圳证券交易所的一家上市公司，主营业务范围为普通机械制造业。"
61,广州恒运企业集团股份有限公司,"广州恒运企业集团股份有限公司（证券简称：穗恒运Ａ，深交所：000531）是一间主营电力生产和集中供热的上市公司，
业务范围涉及金融、房地产等产业。"
62,天津广宇发展股份有限公司,"天津广宇发展股份有限公司 （深交所：000537，TIANJIN GUANGYU DEVELOPMENT CO.,LTD）是中国大陸深圳证券交易所的一家上市公司，主营业务范围为房地产开发与经营业。"
63,云南白药集团股份有限公司,云南白药是一种專治跌打损伤及创伤出血的科學中藥，其生產及商標持有者為云南白药集团股份有限公司。
64,广东电力发展股份有限公司,"广东电力发展股份有限公司 （深交所：000539，GUANGDONG ELECTRIC POWER DEVELOPMENT CO.,LTD.）是中国深圳证券交易所的一家上市公司，主营业务范围为电力、蒸汽、热水的生产和供应业。"
65,安徽省皖能股份有限公司,皖能股份有限公司 （深交所：000543，AN HUI WENERGY COMPANY LIMITED，前称皖皖能）是中国深圳证券交易所的一家上市公司，主营业务范围为电力、蒸汽、热水的生产和供应业。
66,中原环保股份有限公司,"中原环保股份有限公司 （简称“中原环保”深交所：000544，WHITEDOVE(GROUP)CO.,LTD）是中国深圳证券交易所的一家上市公司，主营业务范围为公共设施服务业。"
67,湖南投资集团股份有限公司,"湖南投资集团股份有限公司（HUNAN INVESTMENT GROUP CO.,LTD.，简称：湖南投资，原简称“湘中意A”；深交所：000548）为一家办公注册于湖南省长沙市的开发建设公司，主营路桥收费、公路建设、城市基础设施及房地产开发，业务跨越湖南和广西二省区。"
68,江铃汽车股份有限公司,"江鈴汽車股份有限公司（简称江铃或江铃汽车；英文全称Jiangling Motors Co., Ltd.，英文缩写JMC；深交所：000550、OTCBB：JGLMY、深交所：200550），总部位于中国江西省南昌市的汽车制造公司，是中国重要的轻型卡车制造商。"
69,泸州老窖股份有限公司,泸州老窖是由泸州老窖股份有限公司（深交所：000568）所生产的，出产于四川泸州的浓香型大麯酒的通称。
70,新大洲控股股份有限公司,"新大洲控股股份有限公司 （深交所：000571，SUNDIRO HOLDING CO., LTD.）是中国深圳证券交易所的一家上市公司，主营业务范围为交通运输设备制造业。"
71,阳光新业地产股份有限公司,"阳光新业地产股份有限公司 （深交所：000608，YANG GUANG CO., LTD.）是中国深圳证券交易所的一家上市公司，主营业务范围为房地产开发与经营业。"
72,焦作万方铝业股份有限公司,焦作万方铝业股份有限公司 （深交所：000612，JiaoZuo WanFang Aluminum Manufacturing　Co.
73,海南大东海旅游中心股份有限公司,大东海是海南省三亚市东部新市区的一处海滨风景区。
74,芜湖海螺型材科技股份有限公司,"芜湖海螺型材科技股份有限公司（深交所：000619，Wuhu Conch Profiles And Science Co.,Ltd，简称海螺型材），是中国深圳证券交易所的一家上市公司，公司主要生产销售塑料型材、门窗等建筑材料。"
75,吉林敖东药业集团股份有限公司,吉林敖東藥業集團股份有限公司（深交所：000623）是吉林敦化為基地的中國國有企業，主營醫藥工業、商業、科研及開發。
76,重庆长安汽车股份有限公司,"中国长安汽车集团股份有限公司（英语：China Chang'an Automobile Group Co., Ltd.），简称中国长安汽车集团、中国长安，是中国南方工业集团公司、中国航空工业集团公司两大世界500强中国中央企业对旗下汽车产业进行战略重组、共同成立的一家特大型企业集团，是中国四大汽车集团之一，成立于2005年12月26日。"
77,天茂实业集团股份有限公司,"天茂实业集团股份有限公司 （深交所：000627，HUBEI BIOCAUSE PHARMACEUTICAL CO.,LTD.）是中国深圳证券交易所的一家上市公司，主营业务范围为化学原料及化学制品制造业。"
78,成都高新发展股份有限公司,"成都高新发展股份有限公司 （深交所：000628，Chengdu Hi-tech Development Co., Ltd.）是中国深圳证券交易所的一家上市公司，主营业务范围为房地产开发与经营业。"
79,顺发恒业股份公司,顺发恒业股份公司 （深交所：000631，SHUNFA HENGYE Corporation.）是中国深圳证券交易所的一家上市公司，主营业务范围为房地产开发与经营业。
80,福建三木集团股份有限公司,"福建三木集团股份有限公司 （深交所：000632，FUJIAN SANMU GROUP CO.,LTD.）是中国深圳证券交易所的一家上市公司，主营业务范围为综合类。"
81,宁夏英力特化工股份有限公司,"宁夏英力特化工股份有限公司 （深交所：000635，NINGXIN YINGLITE CHEMICALS CO.,LTD）是中国深圳证券交易所的一家上市公司，主营业务范围为化学原料及化学制品制造业。"
82,茂名石化实华股份有限公司,"茂名石化实华股份有限公司 （深交所：000637，MAOMING PETRO-CHEMICAL SHIHUA CO.,LTD.）是中国深圳证券交易所的一家上市公司，主营业务范围为石油加工及炼焦业。"
83,万方城镇投资发展股份有限公司,"萬方投資控股集團 （深交所：000638，Vanfund Urban Investment&development Co., Ltd.）是中国深圳证券交易所的一家上市公司，主营业务范围为房地产开发与经营业。"
84,西王食品股份有限公司,"西王食品股份有限公司 （深交所：000639，Xiwang Foodstuffs Co., Ltd.）是中国深圳证券交易所的一家上市公司，主营业务范围为食品加工业。"
85,仁和药业股份有限公司,仁和药业 （深交所：000650，英语：Renhe Pharmacy）是中国深圳证券交易所的一家上市公司，1996年成立，主营业务范围为医药制造业。
86,山东金岭矿业股份有限公司,"山东金岭矿业股份有限公司 （深交所：000655，Shandong Jinling Mining Co., Ltd.）是中国深圳证券交易所的一家上市公司，主营业务范围为黑色金属矿采选业。"
87,金科地产集团股份有限公司,"金科地产集团股份有限公司 （深交所：000656，JINKE PROPERTY GROUP CO.,LTD.）是中国深圳证券交易所的一家上市公司，主营业务范围为房地产开发与经营业。"
88,中钨高新材料股份有限公司,"中钨高新材料股份有限公司 （深交所：000657，CHINA TUNGSTEN AND HIGHTECH MATERALS CO., LTD）是中国深圳证券交易所的一家上市公司，主营业务范围为有色金属冶炼及压延加工业。"
89,珠海中富实业股份有限公司,"珠海中富实业股份有限公司 （深交所：000659，ZHUHAI ZHONGFU ENTERPRISE CO.,LTD.）是中国深圳证券交易所的一家上市公司，主营业务范围为塑料制造业。"
90,湖北省广播电视信息网络股份有限公司,"湖北省广播电视信息网络股份有限公司 （深交所：000665，Hubei Radio & Television Information Network Co., Ltd.）是中华人民共和国深圳证券交易所的一家上市公司。"
91,经纬纺织机械股份有限公司,经纬纺机，全称经纬纺织机械股份有限公司（深交所：000666、港交所除牌前0350.HK），其前身是由黄朴奇、李升伯、钱新之等民国资本家于1941年开办的“经纬纺织机械制造公司”。
92,甘肃上峰水泥股份有限公司,"甘肃上峰水泥股份有限公司（深交所：000672，英文：GANSU SHANGFENG CEMENT CO., LTD，简称：上峰水泥），成立于1978年8月，是中国深圳证券交易所的一家上市公司，主要从事水泥熟料、水泥、水泥制品的生产和销售。"
93,合肥丰乐种业股份有限公司,"合肥丰乐种业股份有限公司 （深交所：000713，英文：Hefei Fengle Seed Co.,Ltd.，简称：丰乐种业），是中国深圳证券交易所的一家上市公司，同时也是合肥市人民政府国有资产监督管理委员会监管的合肥市属国有企业，公司主要经营范围包括农作物种子、农药、薄荷油及其衍生产品、酒店服务等。"
94,苏宁环球股份有限公司,苏宁环球股份有限公司（深交所：000718，Suning Universal，简称苏宁环球）是在深圳证券交易所上市的一家主要以房地产开发与管理，及建筑材料生产与销售的企业。
95,山西美锦能源股份有限公司,山西美锦能源股份有限公司，股票簡稱美锦能源，是中國一間上市煤炭化工股份有限公司，生產煤炭、焦炭及化工产品。
96,国元证券股份有限公司,国元证券股份有限公司（深交所：000728，GUOYUAN SECURITIES，简称国元证券），成立于2001年10月。
97,北京燕京啤酒股份有限公司,燕京啤酒股份有限公司（深交所：000729），创建于1980年，中国最大啤酒企业集团之一，世界啤酒产销量前十名，中国行业百强企业。
98,中国振华(集团)科技股份有限公司,"中国振华(集团)科技股份有限公司 （深交所：000733，英文：China Zhenhua (Group) Science & Technology Co.,Ltd.，简称：振华科技），是中国深圳证券交易所的一家上市公司，主营业务为高新电子、集成电路与关键元器件、专用整机与核心零部件、现代电子商贸与园区服务等。"
99,南风化工集团股份有限公司,南风化工集团股份有限公司（深交所：000737），简称南风化工，成立于1996年4月，总部位于中國山西省运城市，是一家国有控股上市公司。
100,国海证券股份有限公司,国海证券股份有限公司（深交所：000750），简称国海证券，前身是1988年7月在广西自治区南宁市成立的广西证券公司。
101,中航飞机股份有限公司,中航飞机股份有限公司 (深交所：000768)，簡稱中航飞机。
102,广发证券股份有限公司,广发证券股份有限公司(简称：广发证券，曾用名：延边公路、S延边路，深交所：000776，港交所：01776)是一家从事证券业务的股份制上市公司。
103,新兴铸管股份有限公司,"新興鑄管股份有限公司，新興鑄管股份，新興鑄管（英语：Xinxing Ductile Iron Pipes Co.,Ltd ，深交所：000778），於1971年創立當時名為「三线军队钢铁厂」，現時為新興際華集團有限公司旗下。"
104,华闻传媒投资集团股份有限公司,华闻传媒投资集团股份有限公司 （深交所：000793，China Media Group，简称华闻传媒）是中国深圳证券交易所的一家上市公司，主营业务范围为互联网音视频服务。
105,一汽轿车股份有限公司,一汽轎車股份有限公司（深交所：000800）是中國第一汽車集團的子公司，在1997年成立，從事開發、製造、銷售轎車、旅遊車等及其配件，品牌包括紅旗HQ3、奔腾 (汽车)及馬自達6等系列。
106,山西太钢不锈钢股份有限公司,"山西太钢不锈钢股份有限公司（英语：Shanxi Taigang Stainless Steel Co., Ltd.或STSS），股票簡稱太钢不锈（曾短暫使用G太钢），是中國一間上市鋼鐵公司。"
107,宜宾五粮液股份有限公司,五粮液为大曲白酒，产于四川宜宾市，用小麦、大米、玉米、高粱、糯米5种粮食发酵酿制而成，在中国浓香型酒中独树一帜，为四川省的六朵金花（泸州老窖特曲、郎酒、剑南春、全兴大曲、五粮液、沱牌曲酒）之一。
108,安徽国风塑业股份有限公司,"安徽国风塑业股份有限公司（深交所：000859，英文：Anhui Guofeng Plastic Industry Co., Ltd.，简称：国风塑业），是中国深圳证券交易所的一家上市公司，同时也是合肥市人民政府国有资产监督管理委员会监管的合肥市属国有企业，公司主要经营范围包括塑料薄膜、木塑新材料、工程塑料、蓝宝石等。"
109,北京顺鑫农业股份有限公司,北京順鑫農業股份有限公司，簡稱北京順鑫農業股份、順鑫農業股份、北京順鑫農業，以及順鑫農業（英语：Beijing Shunxin Agriculture Company Limited，深交所：000860），在1998年9月21日，由北京順鑫農業發展集團有限公司，分拆專門在中國內地經營种猪繁育与销售，生猪屠宰与肉制品加工，白酒生产与销售，水利与建筑工程施工、农副产品加工及物流配送，农产品批发市场管理与服务，房地产开发及花卉、蔬菜、果品培育与销售。
110,广东海印集团股份有限公司,广东海印集团股份有限公司（简称：海印股份、曾用简称：茂名永业，深交所：000861）是一家从事房地产管理、日用百货零售及高岭土、炭黑系列产品的制造和销售的综合类股份制上市公司。
111,安徽安凯汽车股份有限公司,"安徽安凯汽车股份有限公司（英语：Anhui Ankai Automobile Co., Ltd.，简称安凯客车）是一家总部位于中国安徽省的汽车制造商，主营客车制造，也销售汽车零部件，其业务遍及全球。"
112,安徽中鼎密封件股份有限公司,"安徽中鼎密封件股份有限公司（深交所：000887，ANHUI ZHONGDING SEALING PARTS CO., LTD.，简称中鼎股份）是中国深圳证券交易所的一家上市公司，主要从事液压气动密封件、汽车非轮胎橡胶制品的生产和销售。"
113,现代投资股份有限公司,现代投资（简称：现代投资，曾用简称：“湖南高速”；深交所：000900）为一家办公地址和注册地位于湖南省长沙市，公路管理及养护领域为主的上市公司，公司主要投资经营公路、桥梁、隧道和渡口；投资高新技术产业、广告业；高等级公路建设、收费及养护。
114,浙江钱江摩托股份有限公司,浙江钱江摩托股份有限公司（深交所：000913）是一家上市股份有限公司，公司于1999年5月14日在深市上市，简称钱江摩托。
115,湖南电广传媒股份有限公司,湖南电广传媒股份有限公司（深交所：000917），简称“电广传媒”，曾用简称“电广实业”，是中华人民共和国湖南省省级传媒公司。
116,湖南华菱钢铁股份有限公司,华菱钢铁（简称：华菱钢铁，曾用简称：华菱管线；深交所：000932）为一家注册地和办公地位于湖南省长沙市，为黑色金属冶炼及压延加工业的股份制上市公司；主营炼钢、轧钢和有色金属压延加工及其产品的销售业务。
117,江苏华西村股份有限公司,华西新市村原称华西村，是隶属于江苏省江阴市华士镇的一个行政村，被认为是“社会主义新农村建设的一面旗帜”，有「天下第一村」、「華夏第一村」的美誉。
118,冀中能源股份有限公司,冀中能源股份有限公司（Jizhong Energy Resource Company Limited，深交所：000937），屬於冀中能源集團旗下公司，其公司由1999年8月26日以前稱「河北金牛能源股份有限公司」成立，並於1999年9月9日深圳證券交易所上市。
119,中国重汽集团济南卡车股份有限公司,中國重汽（香港）有限公司（港交所：3808，英语：Sinotruk），簡稱中國重汽（香港），是一間香港註冊的中國大陸国有企业，成立於2004年。
120,北京首钢股份有限公司,首钢集团有限公司，简称首钢，是中华人民共和国北京市市属国有独资公司。
121,华东医药股份有限公司,"
== 发展历程 =="
122,山西蓝焰控股股份有限公司,山西蓝焰控股股份有限公司（深交所：000968 ，简称：蓝焰股份），原名太原煤气化股份有限公司（证券简称：煤气化），中煤能源集團旗下公司，是在1998年12月由太原煤炭气化（集团）有限责任公司、山西省经济建设投资公司、北京华煤工贸公司、中煤多种经营公司、四达矿业公司組成企業，主要業務煤炭综合利用和城市燃气事業、煤炭开采、洗选、炼焦、制气、煤化工产品生产、煤矸石发电供热、煤气表灶管制造和城市煤气输配、服务、管理等。
123,众泰汽车股份有限公司,"众泰汽车股份有限公司（深交所：000980，英文：Zotye Automobile Co., Ltd.，简称：众泰汽车），是中国深圳证券交易所的一家上市公司，主营业务为汽车整车、汽车零部件等。"
124,九芝堂股份有限公司,九芝堂（深交所：000989），全称“长沙九芝堂（集团）有限公司”，为湖南省长沙市一医药生产与经销商，1999年5月以长沙九芝堂（集团）有限公司作为主发起人在深圳证券交易所上市。
125,诚志股份有限公司,诚志股份有限公司是清华大学控股的高科技上市公司，江西省重点企业。
126,袁隆平农业高科技股份有限公司,袁隆平农业高科技股份有限公司（简称：隆平高科；深交所：000998）为一家注册地和办公地位于湖南省长沙市的农业股份制上市公司；公司经营以杂交水稻、蔬菜为主的高科技农作物种子、种苗的培育、繁殖、推广和销售，新型农药、化肥的研制、生产、销售，农副产品优质深加工及销售；提供农业高新技术开发及成果转让，农业技术咨询、培训服务等。
127,华润三九医药股份有限公司,"华润三九医药股份有限公司（英语：China Resources Sanjiu Medical & Pharmaceutical Co., Ltd.），简称华润三九，是华润集团下属华润医药的上市子公司，


== 歷史 ==


=== 前身 ===

华润三九的前身为1985年由赵新先成立的深圳南方制药厂，于1987年投产。"
128,河南豫能控股股份有限公司,河南豫能控股股份有限公司，簡稱河南豫能控股股份、河南豫能控股，以及豫能控股（英语：Henan Yuneng Holdings Co Ltd，深交所：001896），於1997年由原河南省建设投资总公司（现更名为河南投资集团有限公司）、河南省电力公司、华中电网有限公司和焦作市投资公司設立。
129,浙江伟星实业发展股份有限公司,"浙江伟星实业发展股份有限公司（深交所：002003，英文：Zhejiang Weixing Industrial Development Co.,Ltd.，简称伟星股份），是中国深圳证券交易所的一家上市公司，主营业务范围为钮扣、拉链、塑料制品、标牌等服装辅料。"
130,华兰生物工程股份有限公司,华兰生物工程股份有限公司是一家位于河南新乡从事血液制品研发和生产的制药公司，2004年6月登陆深圳证券交易所中小板（代码：002007）。
131,大族激光科技产业集团股份有限公司,"大族激光科技产业集团股份有限公司（深交所：002008，英文：Han'S Laser Technology Industry Group Co.,Ltd.，简称大族激光），是中国深圳证券交易所的一家上市公司，公司主要从事激光加工设备的研发、生产及销售。"
132,黄山永新股份有限公司,"黄山永新股份有限公司（深交所：002014，英文：Huangshan Novel Co.,Ltd.，简称：永新股份），是中国深圳证券交易所的一家上市公司，2001年由原黄山永新装饰包装材料有限公司整体变更设立。"
133,安徽华信国际控股股份有限公司,"安徽华信国际控股股份有限公司（深交所：002018，英文：Cefc Anhui International Holding Co.,Ltd.，简称：华信国际），是中国深圳证券交易所的一家上市公司，主要从事农药、化工产品的生产和销售。"
134,苏宁易购集团股份有限公司,苏宁易购集团股份有限公司（简称苏宁易购，深交所：002024），原名苏宁云商集团股份有限公司（簡稱苏宁云商），是中国的一家连锁型零售和地产开发企业，前身为江苏苏宁交家电有限公司、苏宁电器股份有限公司。
135,福建七匹狼实业股份有限公司,七匹狼男装（英文名：Septwolves）全称福建七匹狼实业股份有限公司，是一家主营茄克和商务休闲男装的大陆上市服装公司（股票代码深交所：002029），由周少雄于1990年在福建泉州创立，总部位于泉州。
136,中山大学达安基因股份有限公司,中山大学达安基因股份有限公司（简称：达安基因，深交所：002030）是一家从事生物医药的股份制上市公司。
137,浙江苏泊尔股份有限公司,"浙江苏泊尔股份有限公司（英文：Zhejiang Supor Co., Ltd."
138,洛阳轴研科技股份有限公司,洛阳轴研科技股份有限公司（深交所：002046），中國機械工業集團有限公司旗下公司，是在1958年以洛陽軸承研究所成立，主要精密及特种轴承、高速机床主轴、轴承专用工艺装备和检测仪器以及轴承特种材料的研究、开发、生产和销售。
139,中工国际工程股份有限公司,中工國際工程股份有限公司（深交所：002051），中國機械工業集團有限公司旗下公司，是在2001年以中國工程與農業機械進出口總公司關閉後成立，主要国际工程总承包、进出口贸易和海内外投资业务，包括水务工程、农业工程、电力工程、工厂建设、交通工程等。
140,远光软件股份有限公司,远光软件股份有限公司（深交所：002063，简称远光软件或YGSoft）是服务电力行业财务信息化和企业管理信息化的软件提供商，从八十年代开始涉足电力信息化行业，公司位于广东省珠海市的科技创新海岸远光软件园。
141,浙江华峰氨纶股份有限公司,"浙江華峰氨綸股份有限公司，簡稱浙江華峰氨綸股份、浙江華峰氨綸，以及華峰氨綸（英语：Zhejiang Huafon Spandex Co., Ltd.，深交所：002064），於1999年由温州华峰工业集团有限公司創立專門在國內經營氨纶纤维制造开发、生产和销售。"
142,獐子岛集团股份有限公司,獐子岛集团股份有限公司（深交所：002069），简称獐子岛。
143,江苏沙钢股份有限公司,江蘇沙鋼股份有限公司，簡稱江蘇沙鋼股份，以及沙鋼股份（英语：Jiangsu Shagang Company Limited，深交所：002075），於2011年3月28日，由已破產的高新张铜股份有限公司更名而來，同年4月8日於深圳證券交易所換取上市而來。
144,山河智能装备股份有限公司,山河装备集团（山河智能装备集团，英文：Sunward Equipment Group）是一家以工程机械为主业、拥有自主知识产权、在国内外具有一定影响力的企业集团，总部设于湖南长沙经发区（星沙），集团分别在无锡、安徽、天津、欧洲建立了多家分公司；集团总资产近50亿元，现有员工3500余人，其中拥有硕士以上学历者100余人，技术人员400余人。
145,安徽安纳达钛业股份有限公司,"安徽安纳达钛业股份有限公司 （深交所：002136，英文：Anhui Annada Titanium Industry Co.,Ltd.，简称：安纳达），是中国深圳证券交易所的一家上市公司，主要从事钛白粉产品的生产和销售。"
146,宁波银行股份有限公司,宁波银行（深交所：002142），宁波银行原称宁波市商业银行，創立於1997年，2007年改为现名。
147,广州广电运通金融电子股份有限公司,广州广电运通金融电子股份有限公司（证券简称：广电运通，深交所：002152）是一间从事银行自动柜员机、智能交通自动售检票系统等自助设备产业为核心的上市公司。
148,安徽楚江科技新材料股份有限公司,"安徽楚江科技新材料股份有限公司（深交所：002171，英文：Anhui Truchum Advanced Materials And Technology Co.,Ltd.，简称：楚江新材），是中国深圳证券交易所的一家上市公司，由原芜湖精诚铜业有限公司整体变更设立，2005年12月19日更名为安徽精诚铜业股份有限公司，2007年9月在深圳证券交易所中小企业板挂牌上市（股票简称：精诚铜业）。"
149,游族网络股份有限公司,游族网络股份有限公司（简称：游族、游族网络）成立于2009年，创始人林奇，是一家中国互动娱乐供应商。
150,深圳市怡亚通供应链股份有限公司,怡亚通（Eternal Asia），全称深圳市怡亚通供应链股份有限公司，成立于1997年，总部设在广东省深圳市，是中国第一家上市的供应链企业（深交所：002183）。
151,广州市广百股份有限公司,广州市广百股份有限公司（证券简称广百股份，深交所：002187）总店位于广州市繁华的北京路295号，营业面积逾80000平方米，成立于1991年，集购物、消闲、展示、娱乐、饮食服务于一体。
152,新疆金风科技股份有限公司,新疆金風科技股份有限公司（ 深交所：002202、港交所：2208 ），是位於新疆烏魯木齊生產風力發電機基地。
153,合肥城建发展股份有限公司,"合肥城建发展股份有限公司（深交所：002208，英文：Hefei Urban Construction Development Co., Ltd，简称：合肥城建），是中国深圳证券交易所的一家上市公司，同时也是合肥市人民政府国有资产监督管理委员会监管的合肥市属国有企业，公司主要从事住宅地产、商业地产及写字楼的开发建设。"
154,三全食品股份有限公司,郑州三全食品股份有限公司（深交所：002216），簡稱三全食品或三全公司，位于中国河南省郑州市惠济区综合投资区长兴路28号。
155,科大讯飞股份有限公司,"科大讯飞股份有限公司（深交所：002230，英文：Iflytek Co.,Ltd，简称科大讯飞），是中国深圳证券交易所的一家上市公司，1999年由安徽中科大讯飞信息科技有限公司整体变更设立，2008年5月12日在深圳证券交易所中小板挂牌上市，公司主营业务范围包括语音支撑软件、行业应用产品/系统、信息工程和运维服务。"
156,启明信息技术股份有限公司,启明信息技术股份有限公司（深交所：002232），中國第一汽車集團公司旗下企業，是在2000年成立，也就是前身為中国第一汽车集团公司电子计算处。
157,浙江大华技术股份有限公司,浙江大华技术股份有限公司，简称大华股份、大华科技，是一家位于中国杭州的视频监控设备和服务供应商，其市场份额2015年为世界第二。
158,深圳市天威视讯股份有限公司,"深圳市天威视讯股份有限公司（深交所：002238，英文：Shenzhen Topway Video Communication Co., Ltd），简称天威视讯，是中国深圳证券交易所的一家上市公司，主营业务包括有线电视网络的规划建设、经营管理、维护和广播电视节目的接收、集成、传输，以传输视频信息和开展网上多功能服务。"
159,九阳股份有限公司,"九阳股份有限公司（Joyoung Co., Ltd.）是一家中国家电製造商，总部在山东省济南市。"
160,四川北方硝化棉股份有限公司,四川北方硝化棉股份有限公司（深交所：002246），中國兵器工業集團、泸州北方化学工业有限公司及西安北方惠安化學工業有限公司聯營公司，是在2002年成立，前身為四川北方硝化棉有限责任公司，也就是中國兵器工業集團旗下兩者的硝化棉资产合組成立，董事長為周德良。
161,拓维信息系统股份有限公司,拓维信息系统（简称：拓维信息；深交所：002397）为一家注册地和办公地位于湖南长沙的计算机软件开发与咨询（IT类）股份制上市公司。
162,湖南友谊阿波罗商业股份有限公司,湖南友谊阿波罗（简称“友阿股份”，深交所：002277）为湖南省境内最大的商业企业集团，以商业零售为主。
163,上海神开石油化工装备股份有限公司,上海神开石油化工装备股份有限公司（简称神开股份，深交所：002278），是一家位于上海的石油装备制造生产企业。
164,奥飞娱乐股份有限公司,奥飞娱乐是中国大陸最大的动漫集团，成立于1993年。
165,河南辉煌科技股份有限公司,輝煌科技（控股）有限公司，簡稱輝煌科技（控股），以及輝煌科技（英语：GLORY MARK HI-TECH (HOLDINGS) LIMITED，港交所：8159），在1990年，由台灣商人龎國璽（董事會主席）和黃震（首席執行官）於香港成立「輝煌電子（香港）有限公司」。
166,湖南博云新材料股份有限公司,博云新材料（简称：博云新材；深交所：002297）为一家注册地和办公地位于湖南长沙的石墨及碳素制品业股份制上市公司。
167,安徽中电兴发与鑫龙科技股份有限公司,"安徽中电兴发与鑫龙科技股份有限公司（深交所：002298，简称中电兴发，英文：Anhui Sinonet & Xinlong Science & Technology Co., Ltd.），是中国深圳证券交易所的一家上市公司，主营业务包括公共安全与反恐、智慧城市、输配电及控制设备制造。"
168,顺丰控股股份有限公司,順豐控股股份有限公司（深交所：002352）是中國一家大型民間營運的獨資速遞公司，於1993年成立，總部位於廣東省深圳市。
169,河南森源电气股份有限公司,河南森源电气股份有限公司（深交所：002358 ，简称：森源电气）是一家生产中、低压开关成套设备、断路器元件及其配件，中压户内隔离开关和SAPF有源滤波装置等电力电子与智能电器设备的上市公司。
170,安徽神剑新材料股份有限公司,"安徽神剑新材料股份有限公司（深交所：002361，简称神剑股份，英文：Anhui Shenjian New Materials Co.,Ltd），是中国深圳证券交易所的一家上市公司，主要从事聚酯树脂系列产品的生产和销售。"
171,汉王科技股份有限公司,汉王科技股份有限公司是一家以手写识别、OCR识别为核心技术，开发模式识别相关电脑产品的公司。
172,湖南梦洁家纺股份有限公司,湖南梦洁家纺股份有限公司（简称：梦洁家纺；深交所：002397）为一家注册地和办公地位于湖南长沙的纺织类股份制上市公司。
173,广东省广告集团股份有限公司,"广东省广告集团股份有限公司（证券简称：省广股份，深交所：002400，英文：Guangdong Advertising Group Co.,Ltd.）是一间从事广告业务的上市公司。"
174,杭州海康威视数字技术股份有限公司,杭州海康威视数字技术股份有限公司是一家位于中国杭州的视频监控设备供应商 ，其主要控股方為央企中国电子科技集团。
175,杭州杭氧股份有限公司,"杭州杭氧股份有限公司，簡稱杭州杭氧股份，以及杭氧股份（英语：Hangzhou Hangyang Co., Ltd.，深交所：002430），於2000年由現時主要股東杭州製氧機集團有限公司，分拆成現時主要空分设备销售、设计以及空分核心部机，當時為「杭州杭氧科技有限公司」。"
176,深圳市兴森快捷电路科技股份有限公司,"深圳市兴森快捷电路科技股份有限公司，簡稱深圳市兴森快捷电路科技股份、深圳市兴森快捷电路科技、深圳市兴森快捷电路、深圳市兴森快捷、兴森股份，以及兴森科技（英语：Shenzhen Fastprint Circuit Tech Co.,Ltd.，深交所：002436），是在1999年，由邱醒亚先生創立，現時經營印制电路板样板、快件、小批量板的设计及制造服务商。"
177,哈尔滨誉衡药业股份有限公司,"哈尔滨誉衡药业股份有限公司（深交所：002437，英文：Harbin Gloria Pharmaceuticals Co., Ltd，简称誉衡药业）是中国深圳证券交易所的一家上市公司，主要从事药品的生产及销售，董事長是陝西籍商人朱吉滿。"
178,中南红文化集团股份有限公司,"中南红文化集团股份有限公司（深交所：002445，英文：Jiangyin Zhongnan Heavy Industries Co.,Ltd，简称中南文化），是中国深圳证券交易所的一家上市公司，主营业务为文化传媒和金属制造。"
179,欧菲科技股份有限公司,欧菲科技股份有限公司（深交所：002456）是一家2002年8月成立的科技公司，主营触控显示模组，摄像头模组，指纹识别模组，向智能汽车领域发展。
180,广州珠江啤酒股份有限公司,广州珠江啤酒股份有限公司（深交所：002461，简称珠江啤酒），是中国啤酒品牌之一，与青岛啤酒及燕京啤酒属国内三大啤酒品牌。
181,立讯精密工业股份有限公司,立訊精密工業股份有限公司（深交所：002475）成立於2004年，由王來春創立，主要業務為生產和銷售連接器，可應用于3C（電腦、通訊、消費電子）和汽車等方面。
182,北京弘高创意建筑设计股份有限公司,北京弘高创意建筑设计股份有限公司，弘高创意（深交所：002504），总部位于北京，是中华人民共和国最大的建设行业资源整合平台之一。
183,洽洽食品股份有限公司,"洽洽食品股份有限公司（深交所：002557，简称洽洽食品），是中國最大的瓜子生產商之一，其母公司合肥华泰集团原經營棒棒冰，於1999年試賣瓜子，營業額由首年的3,000萬元人民幣高漲至2006年的約10億元人民幣。"
184,深圳雷柏科技股份有限公司,"深圳雷柏科技股份有限公司，簡稱雷柏科技（英语：Shenzhen Rapoo Technology Co.,Ltd.，深交所：002577），於2002年由热键科技(深圳)有限公司整体变更設立，主要股東為热键电子(香港)有限公司，屬於一个生产经营音频产品及配件、电脑游戏周边产品的厂商，董事長為曾浩，總部位於深圳市坪山新区坑梓街道锦绣东路22号。"
185,海能达通信股份有限公司,海能达通信股份有限公司（英文：Hytera，深交所：002583，简称海能达），是一家中国深圳的无线电制造商。
186,比亚迪股份有限公司,比亚迪股份有限公司（簡稱比亞迪，港交所：1211、深交所：002594），是一家在香港上市的中国民營企業，总部设于广东深圳，主要從事二次充電電池業務、手機部件及組裝業務，以及包含傳統燃油汽車及新能源汽車在內的汽車業務，同時積極拓展新能源產品領域的相關業務。
187,中公教育科技股份有限公司,"中公教育科技股份有限公司（深交所：002607，简称中公教育，英文：Offcn Education Technology Co., Ltd.），是中国深圳证券交易所的一家上市公司，主要从事非学历职业就业培训服务。"
188,深圳市捷顺科技实业股份有限公司,深圳市捷顺科技实业股份有限公司（简称捷顺科技，深交所：002609）是深圳一家上市公司，其主营停车场管理系统。
189,完美世界股份有限公司,完美世界（北京）網絡技術有限公司（原完美時空（北京）網絡技術有限公司）是中國一家網絡遊戲研發、運營、銷售和服務的公司，主要基於自主研發的Angelica 3D遊戲引擎和遊戲開發平台開發3D網絡遊戲。
190,青海互助青稞酒股份有限公司,"青海互助青稞酒股份有限公司（深交所：002646，英文：Qinghai Huzhu Barley Wine Co.,Ltd.，简称青青稞酒），是中国深圳证券交易所的一家上市公司，主要从事青稞酒的研发、生产和销售。"
191,加加食品集团股份有限公司,加加食品（简称：加加食品；深交所：002650）为一家办公注册于湖南省长沙市的调味品制造业上市股份制公司，主营酱油、食用植物油和其他调味品的研发、生产和销售。
192,西部证券股份有限公司,西部证券股份有限公司（深交所：002673），简称西部证券，成立于2001年1月，注册地陕西省西安市，是陕西省唯一一家全牌照证券公司。
193,长生生物科技股份有限公司,长生生物科技股份有限公司（深交所：002680），简称长生生物，是一家中华人民共和国的生物科技公司，主要经营人用疫苗的研制、生产与销售，拥有全资子公司长春长生生物科技有限责任公司（简称长春长生）。
194,广东猛狮新能源科技股份有限公司,"广东猛狮新能源科技股份有限公司，簡稱猛獅科技（英语：Guangdong Dynavolt Power Technology Co., Ltd.，深交所：002684），於1999年由陳樂伍（董事長）於汕头市澄海区莲河西路（總部）設立，名為「汕头市澄海区沪美蓄电池有限公司」（前身為「澄海县沪美蓄电池厂」，以及「澄海市沪美蓄电池有限公司」）。"
195,百洋产业投资集团股份有限公司,"百洋水產集團股份有限公司，簡稱百洋水產集團股份、百洋水產集團、百洋水產，以及百洋股份（英语：Baiyang Aquatic Group, Inc."
196,山东龙大肉食品股份有限公司,龍大肉食（深交所：002726）是中國山東起家的一間食品加工上市企業，2003年成立，產品除內銷外還外銷日、韓、東南亞多國。
197,国信证券股份有限公司,國信證券股份有限公司，簡稱國信證券（Guosen Securities，深交所：002736），是中國主要的證券公司之一。
198,厦门瑞尔特卫浴科技股份有限公司,瑞尔特（R&T），全称厦门瑞尔特卫浴科技股份有限公司（深交所：002790），成立于1999年、总部位于福建省厦门市，是一家卫浴产品的研发、生产和销售的高新技术企业。
199,第一创业证券股份有限公司,第一创业证券股份有限公司，简称第一创业证券或第一创业，前身是1993年4月于广东省佛山市成立的佛山证券公司，2002年更名第一创业证券并将总部迁到深圳市。
200,华西证券股份有限公司,华西证券股份有限公司（深交所：002926），简称华西证券，成立于2000年7月13日，注册地为四川省成都市，是在合并重组原四川省证券股份有限公司和四川证券交易中心的基础上组建的大型综合类证券公司。
201,华夏航空股份有限公司,"华夏航空（China Express Airlines, 深交所：002928）是中國大陸第一家也是唯一一家专门从事支线航空客货运输的中外合资航空公司，于2006年在贵阳成立。"
202,郑州银行股份有限公司,郑州银行（Bank of Zhengzhou，港交所：6196、港交所：4613（優先股）、深交所：002936）是位于郑州市、由省市政府控股、促进地方经济发展的一家股份制银行。
203,青岛特锐德电气股份有限公司,"青島特銳德電氣股份有限公司（英语：Qingdao TGOOD Electric Co., Ltd.，深交所：300001），簡稱特銳德，是一家总部位于中国青岛市的创业板上市企业。"
204,探路者控股集团股份有限公司,北京探路者戶外用品股份有限公司，簡稱北京探路者戶外用品股份，北京探路者戶外用品、北京探路者，以及探路者（英语：Beijing Toread Outdoor Products Company Limited，深交所：300005），於1999年由盛發強（董事長）創立，盛发强为测绘专业学士，當時名為「北京探路者戶外用品有限公司」，屬於一家户外用品公司。
205,网宿科技股份有限公司,网宿科技（英语：ChinaNetCenter，深交所：300017），成立于2000年1月，是中国一家主要提供CDN、云计算、云安全、全球分布式数据中心等业务的计算服务提供商。
206,大禹节水集团股份有限公司,"甘肅大禹節水集團股份有限公司，簡稱甘肅大禹節水集團股份、甘肅大禹節水集團、甘肅大禹節水，以及大禹節水（GanSu DaYu Water-saving Co., Ltd.，深交所：300021），於2000年由王栋（董事長）創立前身為「酒泉地区大禹节水灌溉设备有限责任公司」、「酒泉大禹节水设备有限责任公司」、「甘肃大禹节水有限责任公司」，以及「甘肅大禹節水股份有限公司」。"
207,华谊兄弟传媒股份有限公司,華誼兄弟傳媒股份有限公司（英文：Huayi Brothers Media Corporation，簡稱華誼兄弟傳媒集團，深交所：300027），是中國大陸一家知名綜合性娛樂集團，由王中軍、王中磊兄弟在1994年創立。
208,浙江核新同花顺网络信息股份有限公司,同花顺（深交所：300033）是一款中国大陆的证券决策系统（又称炒股软件），由深交所上市公司浙江核新同花顺网络信息股份有限公司研发。
209,深圳新宙邦科技股份有限公司,"深圳新宙邦科技股份有限公司，簡稱深圳新宙邦科技股份、深圳新宙邦科技、深圳新宙邦、新宙邦科技，以及新宙邦（英语：Shenzhen Capchem Technology Co.,Ltd.，深交所：300037），於2002年由覃九三（董事長）創立前身為「深圳市新宙邦電子材料科技有限公司」。"
210,深圳中青宝互动网络股份有限公司,深圳中青宝互动网络股份有限公司，簡稱中青宝，原名深圳市宝德网络技术有限公司，2003年成立，2008年年改为现名并完成股份制改造，是中国大陆的一家以网络游戏为主的公司。
211,东方财富信息股份有限公司,"东方财富信息股份有限公司（深交所：300059，英文：East Money Information Co.,ltd.），简称东方财富，是中国大陆深圳证券交易所的一家上市公司。"
212,芜湖长信科技股份有限公司,芜湖长信科技股份有限公司（深交所：300088，简称长信科技），是一家2000年4月成立的中港合资高新技术企业，2010年5月，登录深圳证券交易所创业板上市，注册资金48945万元。
213,东方日升新能源股份有限公司,"东方日升新能源股份有限公司（簡稱东方日升）是中国一家新能源上市企业，于2002年注册成立创立于浙江省宁波市宁海县，注册资本649,912,224元，其产品包括光伏并网发电系统、光伏独立供电系统、太阳能电池片、组件等。"
214,浙江华策影视股份有限公司,浙江華策影視股份有限公司（深交所：300133，简称華策影視），是中國大陸一家民營影視公司，除製作影視劇外，亦從事藝人經紀、廣告傳媒等業務。
215,汤臣倍健股份有限公司,汤臣倍健、广东汤臣倍健生物科技股份有限公司，是一家创立于1995年10月的上市公司。
216,广州市香雪制药股份有限公司,"广州市香雪制药股份有限公司（英语：Guangzhou Xiangxue Pharmaceutical Co., Ltd， 深交所：300147，证券简称：香雪制药），是一家中国大陆从事医药产业的公司，成立于1986年，公司原名广州萝岗制药厂，1997年更名为广州市香雪制药股份有限公司。"
217,天舟文化股份有限公司,天舟文化（简称：天舟文化；深交所：300148）为一家注册地和办公地位于湖南长沙的出版业类股份制上市公司。
218,江苏秀强玻璃工艺股份有限公司,秀强股份（英语：Xiuqiang）、秀强玻璃（深交所：300160），全名江苏秀强玻璃工艺股份有限公司，创建于2001年，是中华人民共和国最大的加工玻璃制造商之一。
219,福建元力活性炭股份有限公司,"福建元力活性炭股份有限公司，簡稱福建元力活性炭股份、福建元力活性炭，以及元力股份（英语：Fujian Yuanli Active Carbon Co., Ltd.，深交所：300174），於1999年由卢元健（董事長）於中国福建省南平市来舟经济开发区（總部），創立前身為「福建省南平元力活性炭有限公司」。"
220,朗源股份有限公司,"朗源股份有限公司，簡稱朗源股份，以及朗源（英语：Lontrue Co., Limited，深交所：300175），於2002年由戚大广（董事長），於山東省龙口高新技术产业园区朗源路299号（總部）創立，前身為「烟台广源果蔬有限公司」。"
221,永清环保股份有限公司,永清环保股份有限公司（简称：永清环保；深交所：300187）为一家注册地和办公地位于湖南长沙的环境保护服务类股份制上市公司。
222,湖南千山制药机械股份有限公司,千山制药机械（简称：千山药机；深交所：300216）为一家注册地和办公地位于湖南长沙的医疗器械制造业类股份制上市公司。
223,广东银禧科技股份有限公司,广东银禧科技股份有限公司（英语：Silverage，深交所：300221），简称银禧科技，是一家1997年成立于广东省东莞市的高分子新材料科技公司。
224,湖南尔康制药股份有限公司,尔康制药（简称：尔康制药；深交所：300267）为一家注册地和办公地位于湖南长沙的医药制造业类股份制上市公司。
225,湖北三丰智能输送装备股份有限公司,"湖北三丰智能输送装备股份有限公司，簡稱湖北三丰智能输送装备股份、湖北三丰智能输送装备、湖北三丰智能，以及三丰智能（英语：Hubei SanFeng Intelligent Conveying Equipment Co., Ltd.，深交所：300276），於1999年由朱漢平（董事長）創立前身為「黄石市三丰机械有限公司」。"
226,苏交科集团股份有限公司,江苏省交通科学研究院股份有限公司，簡稱江苏省交通科学研究院股份、江苏省交通科学研究院，以及蘇交科（英语：Jiangsu Transportation Research Institute Company Limited，深交所：300284），在1978年由江蘇省人民政府批准成立一家交通科学研究院，之後在2002年轉為公司制，再在2008年變更為股份制。
227,安科瑞电气股份有限公司,上海安科瑞電氣股份有限公司，簡稱上海安科瑞電氣股份、上海安科瑞，以及安科瑞（英语：Shanghai Acrel Limited，深交所：300286），在2003年由周中、吴建明、朱芳、汤建军、姜龙創立。
228,北京华录百纳影视股份有限公司,北京华录百纳影视股份有限公司（英语：Beijing HualuBaina Film & TV Company Limited，简称华录百纳，深交所：300291），前身為北京华录百纳影视有限公司，成立于2002年，是一家主要从事电视剧投资、制作、发行的专业影视公司。
229,江苏三六五网络股份有限公司,"江蘇三六五網絡股份有限公司，簡稱江蘇三六五網絡股份、江蘇三六五網絡、江蘇三六五網，以及三六五網（英语：Everyday Network Co.,Ltd.，深交所：300295），於2006年由胡光輝（董事長）於江蘇省南京市鼓楼区上海路15号银城大厦（總部），創立前身為「江蘇三六五網絡有限公司」。"
230,江门市科恒实业股份有限公司,"江門市科恒實業股份有限公司，簡稱江門市科恒實業股份、江門市科恒實業，以及科恒實業（英语：Jiangmen Kanhoo Industry Co.,Ltd.，深交所：300340），於1994年由萬國江（董事長）創立前身為「江门市联星科恒助剂厂」（後來在2000年更名為「江门市科恒实业有限责任公司」）。"
231,中文在线数字出版集团股份有限公司,中文在线（英语：ChineseAll Digital Publishing Group Co.
232,北京恒华伟业科技股份有限公司,恆華科技有限公司（前港交所上市編號：0256.HK）是在1990年成立，主要業務當時是生產電子產品業務。
233,北京神州绿盟信息安全科技股份有限公司,绿盟科技（英语：NSFOCUS，深交所：300369），是一家信息安全服务企业，成立于2000年4月，总部位于中国北京市。
234,芒果超媒股份有限公司,"芒果超媒股份有限公司（英语：Mango Excellent Media Co., Ltd.），原名快乐购物股份有限公司（英语：Happigo Home Shopping Co., Ltd.），是一家總部位於湖南长沙的新媒体公司，旗下拥有快乐阳光、天娱传媒、芒果娱乐等5家全资子公司，并运营芒果TV、湖南IPTV、快乐购等品牌和业务。"
235,浙江唐德影视股份有限公司,浙江唐德影视股份有限公司 (簡稱唐德影视) 是2005年10月成立的中國大陸影視制作公司，以偶像劇、都市生活剧和抗战革命剧為主，總部位於浙江省。
236,蓝思科技股份有限公司,蓝思科技（英语：Lens Technology，深交所：300433）是中国大陆的一家手机玻璃制造公司，为包括iPhone在内的许多智能移动终端提供玻璃。
237,珠海全志科技股份有限公司,全志科技（英语：Allwinner Technology），中国無廠半導體公司，成立于2007年，总部位于廣東珠海。
238,贝达药业股份有限公司,"贝达药业股份有限公司（英语：Betta Pharmaceuticals Co., Ltd.，深交所：300558），简称贝达药业，2003年由海归博士团队在杭州创办，是一家以自主知识产权创新药物研究、开发为核心，集研发、生产、营销于一体的国家级高新技术企业，致力于恶性肿瘤、糖尿病、心脑血管病等疾病治疗。"
239,深圳华大基因股份有限公司,华大基因（深交所：300676），原名北京华大基因研究中心，是中国的一家基因组测序中心。
240,南京药石科技股份有限公司,"南京药石科技股份有限公司（深交所：300725，英文：Pharmablock Sciences (Nanjing), Inc.，简称药石科技），是中国深圳证券交易所的一家上市公司，主要从事药物分子砌块的设计、合成和销售以及为药物研发企业提供相关的技术服务。"
241,宁德时代新能源科技股份有限公司,新能源科技有限公司（Amperex Technology Limited，简称ATL）成立于1999年，是一家锂离子电池制造商，总部位于香港。
242,上海浦东发展银行股份有限公司,"上海浦东发展银行（简称：浦发银行；英语：Shanghai Pudong Development Bank Co., Ltd.，缩写作 SPDB）是中华人民共和国的一家全国性股份制商业银行，总部位于上海市。"
243,广州白云国际机场股份有限公司,广州白云国际机场股份有限公司（英語：Guangzhou Baiyun International Airport Company Limited，上交所：600004，证券简称：白云机场），是一间从事机场营运的上市公司。
244,东风汽车股份有限公司,"东风汽车股份有限公司，英语Dongfeng Automobile Co., Ltd."
245,华能国际电力股份有限公司,华能国际电力股份有限公司簡稱华能国际，华能是一間在纽约证券交易所、香港交易所和上海证券交易所上市的國有控股火力發電公司。
246,安徽皖通高速公路股份有限公司,安徽皖通高速公路股份有限公司，簡稱安徽皖通高速公路股份、安徽皖通高速公路，以及安徽皖通（英语：ANHUI EXPRESSWAY COMPANY LIMITED，港交所：0995、上交所：600012），在1996年由安徽省高速公路控股集团有限公司（佔31.27%，為主要股東），以及招商局华建公路投资有限公司（佔20.92%，為次要股東）創立。
247,华夏银行股份有限公司,华夏银行，是中华人民共和国的一家全国性股份制商业银行，全称为华夏银行股份有限公司。
248,中国民生银行股份有限公司,"中国民生银行股份有限公司（简称中国民生银行或民生银行，英语：China Minsheng Bank Corp., Ltd.，縮寫：CMBC）是中国大陆第一家由民间权贵资本设立的全国性股份制商业银行。"
249,宝山钢铁股份有限公司,中国宝武钢铁集团有限公司（简称宝武集团、宝武，Baowu）由原宝钢集团有限公司和武汉钢铁（集团）公司联合重组而成，为国有独资公司，是中国最具竞争力的钢铁联合企业，总部位于上海。
250,华能澜沧江水电股份有限公司,华能澜沧江水电股份有限公司（英语：Huaneng Lancang River Hydropower Inc.），股票簡稱华能水电（英语：Huaneng Hydropower），是中國一間上市水電公司。
251,华电国际电力股份有限公司,华电国际电力股份有限公司，簡稱华电或华电国际，是中国华电集团公司的核心子公司，也是中国山东省内最大的独立电力公司，也是中國五大國有電力公司之一。
252,中国石油化工股份有限公司,"中国石油化工股份有限公司，簡稱中石化，（Sinopec, the China Petroleum and Chemical Corporation）（港交所：0386、上交所：600028、NYSE：SNP、LSE：SNP）是一家巨型能源化工企业。"
253,中国南方航空股份有限公司,中国南方航空集团公司（英语：China Southern Airlines Holding Company）是一家总部设在中国广州的中央企业，與中国航空集团公司和中国东方航空集团公司合稱中國三大航空集團。
254,三一重工股份有限公司,"三一重工股份有限公司(SANY Heavy Industry Co., Ltd)，简称三一重工，由三一集团于1994年创立，2003年7月3日在A股上市（股票代码：600031）。"
255,招商银行股份有限公司,招商银行（上交所：600036，港交所：3968，港交所：4614（優先股）），簡稱招行，成立于1987年4月8日，是中国第一家完全由企业法人持股的全国性股份制商业银行，由在港國營企業招商局集團创办，是中国内地规模第六大的银行。
256,北京歌华有线电视网络股份有限公司,"北京歌華有線網絡股份有限公司，簡稱北京歌華有線網絡股份、北京歌華有線網絡、歌華有線、BGCTV（英语：Beijing Gehua CATV Network Co., Ltd.，上交所：600037），是中华人民共和国北京市的有線電視公司，1999年9月经北京市人民政府批准成立。"
257,黄山旅游发展股份有限公司,"黄山旅游发展股份有限公司（上交所：600054，简称：黄山旅游；B股：900942，简称：黄山B股，英文：Huangshan Tourism Development Co.,Ltd.），是中国上海证券交易所的一家上市公司，主营业务包括园林门票、索道、酒店和旅行社等。"
258,华润双鹤药业股份有限公司,华润双鹤药业股份有限公司（China Resources Double Crane Pharmaceutical Company Limited），前身為「北京双鹤药业股份有限公司」，簡稱双鹤药业（上交所：600062），屬於華潤集團旗下的華潤醫藥，以及北京醫藥集團聯營公司，1939年建廠及成立，當時前身為一二九師制藥廠，以及八路軍前總衛生部製藥所，在1941年，兩家合併，成為第十八集團軍野戰衛生部製藥廠，在1942年，更名利華製藥廠，1949年，搬遷至北京市，更名為北京新建化學製藥廠，到了1964年，更名為北京製藥廠。
259,郑州宇通客车股份有限公司,郑州宇通客车股份有限公司（上交所：600066），前身为郑州客车厂，是一家集客车产品研发、制造与销售为一体的大型现代化制造企业，宇通连续14年蝉联中国大中型客车销售冠军，销量保持世界第一，位于郑州东区国际物流园区的宇通客车新能源厂区占地2000余亩，建筑面积达60万平方米，将具备年产30000台的生产能力，为中国客车行业最为先进、世界规模最大的新能源客车基地。
260,中国葛洲坝集团股份有限公司,中国葛洲坝集团股份（葛洲坝，上交所：600068），是由中国葛洲坝集团公司控股的上市公司。
261,河南银鸽实业投资股份有限公司,漯河银鸽实业集团有限公司，河南能源化工集團旗下公司。
262,中视传媒股份有限公司,中视传媒股份有限公司（简称中视传媒，上交所：600088）是中国中央电视台控股的一家传媒类A股上市公司，于1997年在上海证券交易所上市。
263,广州发展集团股份有限公司,广州发展集团股份有限公司（证券简称：广州发展、曾用简称：广州控股，上交所：600098）是一家从事电力生产业的股份制上市公司。
264,林海股份有限公司,江蘇林海動力機械集團公司，中国福马机械集团有限公司旗下公司，中國機械工業集團有限公司屬下機構，是在1956年成立，在1997年把林海股份有限公司（上交所：600099）於上海證券交易所主板上市。
265,同方股份有限公司,同方股份有限公司 （上交所：600100），前稱清華同方股份有限公司，母公司是清華控股有限公司，名字取自清華大學清華園最早的建築、昔日用作祭祀孔子的地方——同方部。
266,上海汽车集团股份有限公司,上海汽车集团股份有限公司（上交所：600104）简称上汽集团，总部设于上海，是中国四大汽车制造商之一。
267,中国东方航空股份有限公司,中国东方航空股份公司（港交所：0670、上交所：600115、NYSE：CEA）是一家总部设在上海的中国大型中央企业，簡稱東航，为中国三大航空公司之一，设有飛行常客計划東方萬里行。
268,郑州煤电股份有限公司,郑州煤电股份有限公司，簡稱郑州煤电股份，以及郑州煤电（英语：Zhengzhou Coal & Electric Company Limited，上交所：600121），於1997年由郑州煤炭工业（集团）有限责任公司設立。
269,杭州钢铁股份有限公司,杭钢集团即杭州钢铁集团公司，最初是1957年4月在半山脚下成立的杭州钢铁厂，目前已成为一家以钢铁为主业，房地产、贸易流通、环境保护、酒店餐饮、高等职业教育、科研设计等多元化发展的大型企业集团，是浙江省主要的钢铁生产基地。
270,厦门建发股份有限公司,"厦门建发集团有限公司（简称：厦门建发或建发集团，英语：Xiamen C&D Co., Ltd）是1980年12月成立的厦门市属重要的投资发展企业，最初名称为厦门经济特区建设发展公司。"
271,湖南华升股份有限公司,华升股份（简称：华升股份，曾简称“益鑫泰”；上交所：600156）为一家办公地址和注册地位于湖南省长沙市的纺织业上市公司，主营苎麻纺织品、服装及维尼纶系列产品的生产、销售与进出口业务。
272,中体产业集团股份有限公司,中體產業集團股份有限公司（上交所：600158）是國家體育總局旗下的公司，公司的主要業務為發展中國體育產業和體育主題地產開發。
273,北汽福田汽车股份有限公司,北汽福田股份有限公司（简称：福田汽车，曾用简称：福田股份；上交所：600166）为一家注册地和办公地位于中国北京市昌平区的汽车制造业股份制上市公司。
274,上海贝岭股份有限公司,上海贝岭股份有限公司，（上交所：600171）简称“上海贝岭”。
275,河南黄河旋风股份有限公司,河南黄河旋风股份有限公司，简称黄河旋风，是一家生产超硬材料的上市公司，位于长葛市人民路200号。
276,兖州煤业股份有限公司,"兖州煤业股份有限公司（港交所：1171, 上交所：600188, NYSE：YZC），簡稱兗州煤業、兗州煤、兗煤，是中國大陸第四大煤炭國有企業，主要從事地下煤炭開採、洗選加工、銷售及煤炭鐵路運輸業務。"
277,大唐电信科技股份有限公司,大唐电信科技股份有限公司（上交所：600198），简称大唐电信，是1998年在北京注册成立的一家中华人民共和国电信公司。
278,河南安彩高科股份有限公司,"河南安彩高科股份有限公司，簡稱河南安彩高科股份、河南安彩高科，以及安彩高科（英语：HENAN ANCAI HI-TECH CO.,LTD.，上交所：600207），於1998年由安阳市政府設立，現時為河南投资集团有限公司旗下，當時為河南安阳彩色显像管玻壳有限公司旗下。"
279,扬州亚星客车股份有限公司,扬州亚星客车股份有限公司是江苏亚星汽车集团有限公司的一间子公司。
280,广西桂冠电力股份有限公司,广西桂冠电力股份有限公司（证券简称：桂冠电力，上交所：600236）是一间主营水力发电的上市公司。
281,安徽梦舟实业股份有限公司,"安徽梦舟实业股份有限公司（上交所：600255，英文：Kingswood Enterprise Co.,Ltd，简称梦舟股份），是中国上海证券交易所的一家上市公司，主要从事铜材料及贵金属材料的生产和销售。"
282,浙江海正药业股份有限公司,浙江海正药业股份有限公司（上交所：600267）是一家中國國有企業，2000年在上海证交所上市。
283,江苏恒瑞医药股份有限公司,江苏恒瑞医药股份有限公司，成立于1997年，原名连云港制药厂，是集科研、生产和销售为一体的大型医药上市企业，是中华人民共和国最大的抗肿瘤药物的研究和生产基地，抗肿瘤药销售在中国排名第一，市场份额达12%以上。
284,内蒙古鄂尔多斯资源股份有限公司,内蒙古鄂尔多斯资源股份有限公司，簡稱内蒙古鄂尔多斯资源股份、鄂尔多斯资源股份、内蒙古鄂尔多斯资源、鄂資B股，以及鄂尔多斯资源（英语：Inner Mongolia Eerduosi Resourses Company Limited，上交所：600295、上交所：900936），在1995年，由内蒙古鄂尔多斯羊绒集团有限公司分拆成立除了專門羊絨紡織產品外，還經營煤炭、酒店餐飲、金屬、房地產和娛樂等行業，並不包括媒體。
285,安琪酵母股份有限公司,安琪酵母股份有限公司（上交所：600298），简称安琪酵母，成立于1986年，是从事酵母及酵母衍生物产品经营的国家重点高新技术企业、上市公司。
286,万华化学集团股份有限公司,万华化学集团股份有限公司（上交所：600309），简称万华化学，前身为烟台万华聚氨酯股份有限公司，成立于1998年12月20日，是一家中华人民共和国化工企业。
287,正源控股股份有限公司,正源控股股份有限公司，简称：“正源股份”（上交所：600321），公司前身为四川国栋建设股份有限公司， 总部设立在四川省成都市。
288,广州白云山医药集团股份有限公司,廣州白雲山醫藥集團股份有限公司（簡稱白雲山醫藥，证券简称：白云山，港交所：0874、上交所：600332、OTCBB：GZPHY），在1997年9月1日，由廣州藥業集團股份有限公司旗下8家中成药生产企业、1家植物药研发生产企业、4家医药贸易企业和2家医药研发机构重组成立。
289,江西铜业股份有限公司,"江西銅業股份有限公司，簡稱江銅、江西銅，是一家在香港交易所 (港交所：0358,OTCBB：JIXAY)和上海证券交易所 (上交所：600362)上市的工業公司。"
290,通化葡萄酒股份有限公司,通化葡萄酒股份有限公司(上交所：600365)。
291,西南证券股份有限公司,"西南证券（深交所：600369，Southwest Securities Co., Ltd.），成立于1999年，是一家注册地在重庆的全国综合性证券公司，经营证券经纪、证券承销保荐及财务顾问、证券自营、资产管理、融资融券、证券投资基金代销等业务。"
292,江苏宁沪高速公路股份有限公司,"江蘇寧滬高速公路股份有限公司(港交所：0177,上交所：600377,OTCBB：JEXYF)是中國江蘇省的一間基建公司。"
293,福建龙净环保股份有限公司,"福建龍淨環保股份有限公司，簡稱福建龍淨環保股份、福建龍淨環保，以及龍淨環保（英语：Fujian Longking Co.,Ltd.，上交所：600388），於1971年由龙岩市政府設立前身為「龙岩无线电厂」，再在1976年分拆「龙岩空气净化设备厂」設立。"
294,抚顺特殊钢股份有限公司,抚顺特殊钢股份有限公司，簡稱抚顺特钢，是一間中華人民共和國上市公司，總部位於遼寧省抚顺市，於上海證券交易所上市。
295,湘潭电机股份有限公司,湘潭电机股份有限公司，简称湘电股份（上交所：600416）是1999年以湘潭电机集团有限公司（现已更名为湘电集团有限公司）为主体，联合北京市地下铁道总公司等六家单位以发起设立方式成立的股份有限公司，注册资本19500万元。
296,安徽江淮汽车集团股份有限公司,"安徽江淮汽车集团有限公司（英语：Anhui Jianghuai Automobile Co., Ltd.），简称江淮汽车、江淮、江汽、JAC，是一家总部位于中华人民共和国安徽省合肥市的汽车生产企业，成立于1964年，其前身为合肥江淮汽车制造厂。"
297,安徽六国化工股份有限公司,"安徽六国化工股份有限公司（上交所：600470，英文：Anhui Liuguo Chemical Co.,Ltd.，简称六国化工），是中国上海证券交易所的一家上市公司，公司主要从事磷复肥、精细磷化工、合成氨和甲醇等生产与销售。"
298,湖南湘邮科技股份有限公司,湘邮科技（简称：湘邮科技；上交所：600476）为一家注册地和办公地位于湖南长沙的计算机应用服务业股份制上市公司。
299,湖南科力远新能源股份有限公司,湖南科力远新能源股份有限公司（简称“科力远”，上交所：600478）是一家位于湖南省长沙市的，以高新技术为主要产业的公司，创立于1998年1月。
300,凌云工业股份有限公司,凌雲工業股份有限公司，（上交所：600480）是在1995年成立，前身是凌云汽车零部件有限公司，位于河北省涿州市，中国兵器工业集团公司附屬的凌雲集團旗下公司。
301,中金黄金股份有限公司,中金黄金股份有限公司（上交所：600489）成立于2000年6月23日，由中国黄金集团公司（原中国黄金总公司）作为主发起人，联合其它6家企业共同发起设立。
302,烽火通信科技股份有限公司,"烽火通信科技股份有限公司 ，简称烽火通信，上交所：600498, 是一家总部位于武汉的通信设备制造业上市企业。"
303,上海大屯能源股份有限公司,上海大屯能源股份有限公司（上交所：600508），上海大屯煤電旗下公司，中煤能源轄下機構，是在1999年由上海大屯煤電批准成立，主要業務生產煤电铝运、煤炭、铝锭、电力等企業。
304,贵州茅台酒股份有限公司,贵州茅台酒股份有限公司（上交所：600519，简称：贵州茅台），1999年，由中国贵州茅台酒厂责任公司（控股公司）、贵州茅台酒厂技术开发公司、贵州省轻纺集体工业联社、深圳清华大学研究院、中国食品发酵工业研究所、北京糖业烟酒公司、江苏省糖烟酒总公司、上海捷强烟草糖酒（集团）公司等八家公司共同发起。
305,中铁高新工业股份有限公司,中铁高新工业股份有限公司（英语：China Railway Hi-tech Industry Corporation Limited），簡稱中铁工业（英语：CRHIC），是中國一家上市公司。
306,山煤国际能源集团股份有限公司,山西煤炭进出口集团有限公司，简称山煤、山煤集团，于1980年成立，总部位于山西省太原市煤炭进出口大厦。
307,深圳高速公路股份有限公司,深圳高速公路股份有限公司，簡稱深圳高速公路股份，以及深圳高速公路（英语：Shenzhen Expressway Company Limited，港交所：0548、上交所：600548），於1996年由廣東省路橋建設發展有限公司、招商局華建公路投資有限公司等企業組成，現時為深圳國際控股有限公司旗下。
308,时代出版传媒股份有限公司,"时代出版传媒股份有限公司（上交所：600551，英文：Time Publishing And Media Co., Ltd.，简称时代出版），是中国上海证券交易所的一家上市公司，公司主营业务范围包括图书出版、印刷发行、期刊传媒、互联网出版、艺术品经营、影视剧制作、国内外贸易等。"
309,安徽海螺水泥股份有限公司,安徽海螺水泥股份有限公司（港交所：914）(上交所：600585)，簡稱安徽海螺或海螺水泥，是一家在香港交易所及上海证券交易所上市的工業公司，主要業務是從事生產、銷售及開發各種水泥產品，是亚洲最大的水泥生产商，也是唯一一家国内市场占有率超过5%的水泥企业。
310,光明乳业股份有限公司,光明乳业股份有限公司是一家总部位于上海市的中国主要乳和乳制品生产企业，隶属于光明食品（集团）有限公司。
311,青岛啤酒股份有限公司,青岛啤酒（港交所：168、上交所：600600、OTCBB：TSGTY）是中国历史最悠久的啤酒品牌之一，创始于1903年。
312,广汇物流股份有限公司,"广汇物流股份有限公司(上交所：600603) 是中國新疆维吾尔自治区一家民營企業，主要經營物流产业
由大洲兴业控股股份有限公司借壳而來，二零一六年十二月大洲兴业由广汇集團收购。"
313,上海新世界股份有限公司,上海新世界，位于中国上海市黄浦区南京路、西藏路口，为综合型百货商店。
314,华东建筑集团股份有限公司,"上海现代建筑设计（集团）有限公司（英语：Shanghai Xian Dai Architectural Design (Group) Co., Ltd）是中华人民共和国一家关注于建筑设计的单位，1952年于上海创建。"
315,号百控股股份有限公司,"号百控股股份有限公司，簡稱号百控股股份，以及号百控股（英语：Besttone Holding Co.,Ltd.，上交所：600640），在1985年，當時由上海市邮电管理局，於上海（總部）成立前身「上海通信开发总公司」。"
316,申能股份有限公司,申能股份有限公司 (上交所：600642)，簡稱申能股份，是在1992年由申能電力開發公司改制而成，從事中國上海及華東地區的電力、石油及天然氣的投資建設和管理。
317,中安科股份有限公司,"中安科股份有限公司（簡稱中安科股份和中安科，英语：China Security & Fire Co.,Ltd.，上交所：600654），原名中安消股份有限公司（中安消），在1948年，由當時民營資本，於上海（總部）成立前身「利闻无线电行」，后改组为股份制企业，名称为上海飞乐股份有限公司，曾為上海仪电电子（集团）有限公司主要旗下公司。"
318,无锡市太极实业股份有限公司,"无锡市太极实业股份有限公司，簡稱无锡市太极实业股份、无锡市太极实业，以及太极实业（英语：Wuxi Taiji Industry Co., Ltd.，上交所：600667）是一家中国化工纤维公司。"
319,京投发展股份有限公司,京投发展股份有限公司，简称京投发展（上交所：600683），曾称宁波华联、银泰股份、京投银泰，是一家在宁波市登记、总部位于北京市的房地产公司。
320,广州珠江实业开发股份有限公司,广州珠江实业开发股份有限公司（简称：珠江实业，上交所：600684）是一家从事房地产的股份制上市公司。
321,中国石化上海石油化工股份有限公司,中国石化上海石油化工股份有限公司（英语：SINOPEC Shanghai Petrochemical Company Limited (SPC) ）（港交所：0338；上交所：600688；NYSE：SHI），簡稱上海石化，是一家在香港交易所和上海证券交易所上市的化工企业，它是中国石油化工股份有限公司的控股子公司。
322,青岛海尔股份有限公司,青岛海尔股份有限公司（上交所：600690）简称青岛海尔，是海尔集团旗下在上海证券交易所上市的公司，青岛海尔主营白色家电及小家电。
323,彩虹显示器件股份有限公司,彩虹顯示器件股份有限公司，簡稱彩虹顯示器件股份、彩虹顯示器件，以及彩虹股份（英语：IRICO Display Device Company Limited，上交所：600707），在1992年，由彩虹集團公司分拆顯示器件產品行業。
324,南宁百货大楼股份有限公司,南宁百货大楼股份有限公司，簡稱南宁百货大楼股份、南宁百货大楼，以及南宁百货（英语：Nanning Department Store Company Limited，上交所：600712），在1956年由南寧市人民政府創立前身為「南宁百货大楼」，之後在1993年改股份制。
325,天津港股份有限公司,天津港股份有限公司 （上交所：600717） ，前身是天津港儲運股份有限公司，是中國天津的一間物流公司，成立於1992年。
326,东软集团股份有限公司,东软集团（日语：東軟グループ、英語名：Neusoft Group或Neusoft Corporation，上交所：600718）全称为东软集团股份有限公司。
327,河北金牛化工股份有限公司,河北金牛化工股份有限公司（前稱為河北滄州化工股份有限公司，上交所：600722），冀中能源集團旗下公司，是在1979年從沧州市造纸厂分拆成立，前身為沧州市化工厂，主要業務生化工原料（不含化学危险品）、塑料制品、建筑材料的批发、零售；普通硅酸盐水泥、氯碱的生产和销售；经营本企业自产产品和技术的出口和本企业所需的原辅材料、机械设备、零配件及技术的进口业务，其股份自1996年6月17日在上海證券交易所上市。
328,华电能源股份有限公司,華電能源股份有限公司（英语：Huadian Energy Company Limited）；前稱黑龙江电力股份有限公司，股份簡稱華電能源、華電B股、前簡稱龙电股份、龙电B股，是中國一間發電公司，總部位於黑龙江省省會哈尔滨市。
329,湖南海利化工股份有限公司,湖南海利化工（简称：湖南海利；上交所：600731）为一家办公注册于湖南省长沙市的化工股份公司，主要从事农药和精细化学品的研发、生产和贸易，危险化学品运输以及化工装置的工程安装。
330,山西焦化股份有限公司,山西焦化集团有限公司，简称山西焦化，筹建于1969年，总部位于中國山西省临汾市洪洞县广胜寺镇，主要从事焦炭及相关化工产品的生产和销售。
331,长春一汽富维汽车零部件股份有限公司,长春一汽富维汽车零部件股份有限公司（上交所：600742）是中國第一汽車集團的子公司，在1993年當時以「长春一汽四环汽车股份有限公司」成立，從事開發、製造配件等所有產品，公司總部為吉林長春。
332,大唐华银电力股份有限公司,大唐华银电力股份有限公司（简称：华银电力；上交所：600744）为一家办公注册于湖南省长沙市的上市股份制公司，主营电力生产、销售，兼营电力工程施工、房地产开发及高科技项目开发等业务。
333,安徽合力股份有限公司,安徽合力股份有限公司，簡稱安徽合力股份或安徽合力（英语：Anhui Heli Company Limited，上交所：600761），在1958年由安徽叉车集团有限責任公司設立，前身為「合肥叉车总厂」。
334,南京熊猫电子股份有限公司,南京熊猫電子股份有限公司（上交所：600775、港交所：0553）是一家總部位於中國南京，具有70多年歷史之綜合型大型電子企業，现为中国电子信息产业集团的子公司。
335,山西通宝能源股份有限公司,山西通宝能源股份有限公司（上交所：600780），简称通宝能源。
336,马鞍山钢铁股份有限公司,馬鞍山鋼鐵股份有限公司，簡稱馬鋼或馬鋼股份，是一家在香港交易所 (港交所：0323)和上海证券交易所(上交所：600808)上市的钢铁工业公司。
337,中路股份有限公司,永久自行车，是中国大陆的一个著名自行车品牌，其前身为日本人小岛和三郎于1940年在上海创立的“昌和制作所”，是上海历史上第一家自行车工厂。
338,上海隧道工程股份有限公司,"上海隧道工程股份有限公司，簡稱上海隧道工程股份、上海隧道工程，以及隧道股份（英语：Shanghai Tunnel Engineering Co.,Ltd.，上交所：600820），在1958年，當時成立前身「上海市地下铁道筹建处」和「越江隧道研究所」。"
339,上海申通地铁股份有限公司,上海申通地铁集团有限公司（简称申通集团）于2000年4月28日成立，前身为上海市地铁总公司，是目前上海地铁的运营公司，负责上海地铁的投融资和运营管理，共有7个分公司负责不同线路的运营。
340,四川长虹电器股份有限公司,四川长虹电器股份有限公司（上交所：600839），简称四川长虹或长虹。
341,上海华东电脑股份有限公司,"上海华东电脑股份有限公司（英语：SHANGHAI EAST-CHINA COMPUTER CO., LTD.），簡稱上海华东电脑股份、华东电脑股份和华东电脑，1993年由當時中华人民共和国电子工业部轄下第32研究所（华东计算技术研究所）於上海（總部）设立。"
342,上海海欣集团股份有限公司,"上海海欣集团股份有限公司，簡稱上海海欣集团股份、上海海欣集团、海欣集团股份、海欣B股，以及海欣股份（英语：Shanghai Haixin Group Co.,Ltd.，上交所：600851（A股）、上交所：900917（B股）），在1986年，由中方上海玩具进出口公司；上海松江区洞泾工业公司；上海开隆投资开发公司；香港申海有限公司；以及香港福欣实业有限公司，於總部上海成立前身「上海海欣有限公司」。"
343,内蒙古蒙电华能热电股份有限公司,内蒙古蒙电华能热电股份有限公司（英语：Inner Mongolia MengDian HuaNeng Thermal Power Corporation Limited，簡稱内蒙华电），於1993年由内蒙古自治区电力总公司，以及华能发电公司和华能内蒙古发电公司設立，前身為「包头第二热电厂」，現時直接控股公司為北方聯合電力，最終控股公司中國華能集團。
344,中石化石油工程技术服务股份有限公司,中石化石油工程技术服务股份有限公司，簡稱中石化石油工程技术服务股份、中石化石油工程技术服务，以及中石化油服（英语：Sinopec Oilfield Service Corporation，港交所：1033、上交所：600871）。
345,内蒙古伊利实业集团股份有限公司,内蒙古伊利实业集团股份有限公司，簡稱伊利股份、伊利集团及伊利，是中國大陸著名的奶製品生產商之一，前身为1956年成立的呼和浩特回民区养牛合作小组，1993年成立伊利集团。
346,广州广日股份有限公司,广州广日股份有限公司（证券简称：广日股份、曾用简称：广钢股份等，上交所：600894）是一间从事专用设备制造业的上市公司。
347,华安证券股份有限公司,"华安证券股份有限公司（上交所：600909，Huaan Securities Co., Ltd.，简称华安证券），是安徽省人民政府国有资产监督管理委员会监管的安徽省属国有企业。"
348,杭州银行股份有限公司,杭州银行股份有限公司，简称杭州银行（上交所：600926），成立于1996年9月26日，是一家地方的股份制商业银行，在杭州、北京、上海、深圳、南京、合肥、宁波、舟山、绍兴、温州、金华、衢州、丽水、嘉兴等地设立了分行。
349,湖南新五丰股份有限公司,新五丰（简称：新五丰；上交所：600476）为一家注册地和办公地位于湖南长沙，以种养业为主的农业类股份制上市公司。
350,中国电影股份有限公司,"中国电影股份有限公司（China Film Co.,Ltd.，上交所：600977），簡稱中影股份，中国电影集团旗下公司。"
351,马应龙药业集团股份有限公司,"马应龙药业集团股份有限公司（英语：Mayinglong Pharmaceutical Group Stock Co.,LTD.，简称马应龙，上交所：600993），是中国大陆一家以从事医药产业的上市公司，总部位于湖北省武汉市武昌区。"
352,九州通医药集团股份有限公司,"九州通医药集团股份有限公司（英文名“Jointown Pharmaceutical Group Co., Ltd.”，简称“九州通”，上交所：600998）是一家以药品、医疗器械、生物制品、保健品等产品批发、零售连锁、药品生产与研发及有关增值服务为核心业务的大型企业集团。"
353,重庆钢铁股份有限公司,重庆钢铁集团公司，簡稱重鋼，是重庆市所属大型钢铁企业，2004年被列为中国国内500强企业的259位。
354,大秦铁路股份有限公司,大秦铁路股份有限公司（上交所：601006）是中国的上市铁路公司之一，负责大秦铁路的运营。
355,南京银行股份有限公司,南京银行股份有限公司，簡稱南京银行（上交所：601009），成立于1996年，总部位于中国江蘇省南京市，名称最初为南京市商业银行，属地方性城市商业银行。
356,西藏华钰矿业股份有限公司,西藏华钰矿业股份有限公司，簡稱西藏华钰矿业股份和华钰矿业（英语：Xizang Huayu Mining Company Limited，上交所：601020），在2002年，由劉建軍（董事長）及其相關人士於總部拉薩市成立前身「西藏华钰矿业开发有限公司」。
357,中信建投证券股份有限公司,"中信建投证券股份有限公司，簡稱中信建投证券股份和中信建投证券（英语：CSC Financial Co., Ltd.，港交所：6066，上交所：601066），在2005年，由中信證券股份有限公司（最大股東）和中國建設銀行股份有限公司合組前身「中信建投証券有限責任公司」，於總部北京成立。"
358,中国神华能源股份有限公司,中国神华能源股份有限公司，簡稱中國神華能源、中國神華、神華能源、神華，是中国最大的煤炭生产企业，也是世界第二大的煤炭行业上市公司(僅次於美國的皮博迪能源)。
359,中南出版传媒集团股份有限公司,"中南出版傳媒集團股份有限公司（英语：China South Publishing & Media Group Co., Ltd），是一家總部位於中華人民共和國湖南省長沙市的出版传媒集团，其業務範圍涵蓋出版業、傳媒業及信息服務業。"
360,四川成渝高速公路股份有限公司,四川成渝高速公路股份有限公司，簡稱四川成渝高速公路股份，以及四川成渝高速公路 （英语：Sichuan Expressway Company Limited，港交所：0107，上交所：601107），在1997年，由四川高速公路建設開發總公司（佔45.08%股權）及招商局旗下招商局公路网络科技控股股份有限公司（佔29.48%股權）組成而設。
361,中国国际航空股份有限公司,中国国际航空股份有限公司（IATA：CA，ICAO：CCA，港交所：0753、LSE：AIRC、上交所：601111），简称国航，是中国大陆第二大的国有航空企业，也是中国大陆唯一的载旗民用航空公司，总部设在北京，以北京首都国际机场为基地。
362,海南天然橡胶产业集团股份有限公司,海南天然橡胶产业集团股份有限公司（证券简称：海南橡胶，上交所：601118）是一间从事天然橡胶生产、种植、加工、销售的上市公司。
363,重庆水务集团股份有限公司,"重庆水务集团股份有限公司 （英语：Chongqing Water Group Co.,Ltd)，縮寫：CHONGQING WATER，（上交所：601158），簡稱重庆水务，是重庆市属国有控股公司。"
364,天风证券股份有限公司,天风证券股份有限公司，简称天风证券，前身是2000年创建于四川省的天风证券经纪有限责任公司，2008年，天风证券注册地址迁至湖北省武汉市，2012年，天风证券完成股份改制，更名为天风证券股份有限公司。
365,兴业银行股份有限公司,兴业银行（Industrial Bank）（上交所：601166），原名福建兴业银行，是总部位于中国福建省福州市的一间全国性股份制商业银行；是经中国国务院、中国人民银行批准成立的首批股份制商业银行之一，2007年2月5日正式在上海证券交易所挂牌上市（股票代码：601166），注册资本50亿元，是中国大陆首家赤道银行。
366,中国铁建股份有限公司,中國鐵建，全稱中国铁建股份有限公司（英语：China Railway Construction Corporation，縮寫CRCC；港交所：1186，上交所：601186），前身系中國人民解放軍鐵道兵。
367,国泰君安证券股份有限公司,國泰君安證券股份公司，簡稱國泰君安證券（Guotai Junan Securities，上交所：601211、港交所：2611），是中華人民共和國境內規模最大的證券公司之一。
368,陕西煤业股份有限公司,"陕西煤业股份有限公司，簡稱陕西煤业股份（英语：Shaanxi Coal Industry Co., Ltd.，上交所：601225），在2008年12月23日，由陕西煤业化工集团有限责任公司和中国长江三峡集团公司、华能国际电力开发公司、陕西有色金属集团公司、陕西鼓风机集团公司於西安設立股份有限公司。"
369,广州汽车集团股份有限公司,廣州汽車集團股份有限公司 (港交所：2238、上交所：601238)，簡稱廣州汽車集團、廣汽集團、廣汽，是中華人民共和國的汽車生產國有企業。
370,中国农业银行股份有限公司,中国农业银行股份有限公司（简称农业银行、农行，英语：Agricultural Bank of China Limited，縮寫：ABC）是中华人民共和国的五大国有大型商业银行之一，资产在中国内地银行排名第三。
371,中国平安保险(集团)股份有限公司,"中國平安保險（集團）股份有限公司（英语：Ping An Insurance（Group）Company of China, Ltd.，简称中国平安、平安保险、平保，港交所：2318、上交所：601318、OTCBB：PNGAY）是一家在香港交易所和上海证券交易所上市的金融公司。"
372,交通银行股份有限公司,"交通银行股份有限公司（简称交通银行、交行；英语：Bank of Communications Co., Ltd.，縮寫作 BOCOM）是中国大陆历史最悠久的银行之一，始建于光绪三十四年（1908年），为中国早期的发钞行。"
373,广深铁路股份有限公司,廣深鐵路股份有限公司 （港交所：0525、NYSE：GSH、上交所：601333），是一家在上海、香港及美國紐約證券交易所上市的鐵路運輸公司，也是中国目前唯一一家在三地上市的铁路运输企业。
374,新华人寿保险股份有限公司,新華人壽保險股份有限公司（英语：New China Life Insurance Company Limited），簡稱新華人壽保險、新華保險，是中國一間上市保險公司。
375,中国工商银行股份有限公司,中国工商银行股份有限公司（简称工商银行、工行，英语：Industrial and Commercial Bank of China Limited，縮写：ICBC）成立于1984年1月1日，是中国五大国有商业银行之一，总部设在北京市，由中國人民銀行的工商信贷和储蓄业务分離而設立，為中國最大銀行。
376,上海大智慧股份有限公司,上海大智慧股份有限公司（Shanghai DZH Limited），简称大智慧，於2000年12月14日成立，2009年12月变更为股份有限公司，于2011年1月28日在上海证券交易所挂牌上市。
377,东吴证券股份有限公司,东吴证券股份有限公司（上交所：601555），简称东吴证券，前身是1993年8月3日于江苏省苏州市成立的苏州证券公司。
378,会稽山绍兴酒股份有限公司,会稽山绍兴酒股份有限公司，簡稱会稽山绍兴酒股份和会稽山绍兴酒（英语：Kuaijishan Shaoxing Rice Wine Company Limited，上交所：601579），在1743年，由已故周佳木，於紹興（總部）成立前身為「紹興東浦東周漊酒坊」，之後在1951年，被當地政府接收更名「雲集酒廠」、「紹興東風酒廠」和「会稽山绍兴酒有限公司」，2002年，精功集团有限公司收購浙江中国轻纺城集团股份有限公司（第二大股東）股權，並改組成股份制。
379,中国外运股份有限公司,中國外運股份有限公司（简称“中国外运”）（ 港交所：598、上交所：601598）是一家在香港交易所上市的綜合企業公司，成立于2002年11月20日，并于2003年2月13日在香港成功上市，是中国外运长航集团有限公司（简称“集团”）控股的H股公司。
380,中国铝业股份有限公司,中国铝业股份有限公司（简称中國鋁業、中鋁）（港交所：2600、NYSE：ACH、上交所：601600），是中国唯一的氧化铝生产商，同时也是中国规模最大的原铝生产商。
381,上海医药集团股份有限公司,"上海医药集团股份有限公司（英文名“Shanghai Pharmaceuticals Holding Co., Ltd.”，简称“上海医药”，上交所：601607，港交所：02607）为一家总部位于上海的全国性大型医药产业集团公司，公司由上海市国资委（通过上海上实和上药集团）间接控股。"
382,中国建筑股份有限公司,中國建築工程總公司是中華人民共和國的中央企業，主要從事房屋建築、國際工程外包、房地產開發、基礎建設及設計勘察業務。
383,华泰证券股份有限公司,华泰證券股份有限公司（港交所：6886、上交所：601688），簡稱华泰證券，香港方面則以「HTSC」業務經營，而子公司為「華泰金融控股(香港)有限公司」前身为江苏省证券公司，經營中國大陸的證券業務，包括代理證券買賣、還本付息、分紅派息、登記開戶、保管、鑒證、承銷、投資諮詢、客戶資產管理等。
384,中国中车股份有限公司,中国中车股份有限公司（CRRC Corporation Limited，港交所：1766，上交所：601766），简称中国中车或CRRC，是中国一家从事铁路机车、铁路车辆、动车组、地铁及其零部件的研发、制造、厂修及IGBT、公交车等周边产业的大型中央企业，不但是中国最大的轨道交通设备制造商和解决方案供应商，在全球同样具有领导地位。
385,光大证券股份有限公司,光大证券股份有限公司（上交所：601788、港交所：6178，Everbright Securities Co.
386,宁波建工股份有限公司,寧波建工股份有限公司，簡稱寧波建工（上交所：601789），現時為浙江廣天日月集團股份有限公司旗下公司，主要業務承包国家房屋建筑工程、市政公用工程、机电安装工程、建筑智能化工程专业、消防设施工程专业、钢结构工程专业、化工石油工程施工、起重设备安装工程专业、地基与基础工程专业、园林绿化专业，以及建筑智能化设计承包等。
387,甘肃蓝科石化高新装备股份有限公司,甘肃蓝科石化高新装备股份有限公司（上交所：601798），中國機械工業集團有限公司旗下公司，是在1959年以兰州石油机械研究所成立，和海洋石油工程股份有限公司、中国联合工程公司、中国工程与农业机械进出口总公司、浙江新大集团有限公司、上海开拓投资有限公司、盘锦华迅石油成套设备有限公司及中国浦发机械工业股份有限公司股東組成，主要从事石油钻采机械、炼油化工设备、海洋与沙漠石油设备和工程、中小型炼油化工和天然气处理及液体回收工程、轻工与食品机械的研究、设计、开发、制造及石油钻采机械和炼油化工设备的性能测试与评定、石油和石油化工及其装备的先进计算机软件引进与开发、技术咨询及相关工程设计、工程总承包与施工、制造的监理、监造等工作。
388,中国光大银行股份有限公司,"中国光大银行股份有限公司（China Everbright Bank Co., Ltd，上交所：601818、港交所：6818），简称中国光大银行，是中国大陆的一家全国性股份制商业银行，成立于1992年8月，总部位于北京，隶属于光大集团。"
389,中国石油天然气股份有限公司,中國石油是中國石油天然氣集團有限公司和中國石油天然氣股份有限公司的簡稱，前者是後者的控股公司。
390,中国银河证券股份有限公司,"中國銀河證券股份有限公司，簡稱中國銀河證券股份、中國銀河證券，以及銀河證券（英语：China Galaxy Securities Co., Ltd.；港交所：6881；上交所：601881），於2007年由中国银河金融控股有限责任公司設立。"
391,中国国旅股份有限公司,中国国旅股份有限公司（上交所：601888，英文：China International Travel Service Corporation Limited，简称中国国旅），是中国上海证券交易所的一家上市公司，公司主要从事旅行社业务和免税业务。
392,南方出版传媒股份有限公司,南方出版传媒股份有限公司（上交所：601900）是广东省出版集团于2009年12月28日设立的股份制公司。
393,方正证券股份有限公司,"方正證券股份有限公司，簡稱方正證券股份，以及方正證券（英语：Founder Securities Co., Ltd，上交所：601901），現時為北大方正集團有限公司旗下，於1988年設立前身為「浙江省证券公司」，为一家注册地和办公地位于湖南长沙的证券类股份制上市公司。"
394,中国建设银行股份有限公司,中国建设银行股份有限公司（简称中国建设银行、建设银行或建行，英语：China Construction Bank Corporation，缩写：CCB，原名中国人民建设银行）是中国大陆五大国有股份制商业银行之一，也是中国内地规模第二大的银行，还是香港中资金融股的八行五保之一。
395,中国出版传媒股份有限公司,中国出版集团公司是中华人民共和国一个国家级出版集团。
396,中国船舶重工股份有限公司,中国船舶重工股份有限公司（上交所：601989）是中国船舶重工集团公司最重要的子公司，证券简称中国重工，它成立于2008年3月19日，主要经营船舶方面业务，它的最大的股东为中国船舶重工集团公司。
397,大唐国际发电股份有限公司,"大唐国际发电股份有限公司(港交所：991,上交所：601991,OTCBB：DIPGY)，簡稱大唐發電，是中国一家独立发电企业，也是中國五大國有電力集團之一。"
398,中信银行股份有限公司,中信银行（China CITIC Bank，港交所：0998、上交所：601998），簡稱中信，為中國大陸第七大銀行。
399,人民网股份有限公司,人民網（上交所：603000）是一家由中國共產黨黨報人民日报社所控股的媒体企业，以新聞報導為主。
400,喜临门家具股份有限公司,"喜臨門傢俱股份有限公司，簡稱喜臨門傢俱股份、喜臨門傢俱，以及喜臨門（英语：Xilinmen Furniture Co., Ltd.，上交所：603008），於1993年由陳阿裕（董事長）創立前身為「绍兴市喜临门家俬有限公司」、「浙江喜临门家私有限公司」、「浙江喜临门集团有限公司」以及「喜临门集团有限公司」，總部位於浙江省绍兴市西大门钟家湾。"
401,中国建材检验认证集团股份有限公司,"中国建材检验认证集团股份有限公司，簡稱中国建材检验认证集团股份、中国建材检验认证集团和国检集团（英语：China Building Material Test & Certification Group Co.,Ltd."
402,安徽迎驾贡酒股份有限公司,"安徽迎驾贡酒股份有限公司（上交所：603198，英文：Anhui Yingjia Distillery Co.,Ltd.，简称：迎驾贡酒），成立于2003年，总部位于安徽省六安市，是中国上海证券交易所的一家上市公司，公司主要从事白酒的研发、生产和销售。"
403,安徽九华山旅游发展股份有限公司,"安徽九华山旅游发展股份有限公司（上交所：603199，简称九华旅游，英文：Anhui Jiuhuashan Tourism Development Co.,Ltd.），是中国上海证券交易所的一家上市公司，主营业务为酒店业务、索道缆车业务、旅游客运业务及旅行社业务。"
404,安徽应流机电股份有限公司,"安徽应流机电股份有限公司（上交所：603308，英文：Anhui Yingliu Electromechanical Co.,Ltd，简称：应流股份），成立于2000年，公司总部位于安徽省合肥市，是中国上海证券交易所的一家上市公司。"
405,安徽众源新材料股份有限公司,"安徽众源新材料股份有限公司（上交所：603527，简称众源新材，英文：Anhui Zhongyuan New Materials Co.,Ltd.），是中国上海证券交易所的一家上市公司，主要从事高精度紫铜系列带材的研发、生产和销售。"
406,芜湖伯特利汽车安全系统股份有限公司,"芜湖伯特利汽车安全系统股份有限公司（上交所：603596，简称伯特利，英文：Bethel Automotive Safety Systems Co., Ltd），是中国上海证券交易所的一家上市公司，主要从事汽车制动系统相关产品的研发、生产和销售。"
407,上海晨光文具股份有限公司,上海晨光文具股份有限公司（英语：Shanghai M&G Stationery Inc.），原名上海中韩晨光文具制造有限公司，成立于1997年，是中国的一家文具生产制造公司，总部在上海市奉贤区光明经济开发区。
408,洛阳栾川钼业集团股份有限公司,洛陽欒川鉬業，又稱中國鉬業，簡稱洛陽鉬業、欒川鉬業、洛鉬、鉬業 (港交所：3993、上交所：603993)，成立於1982年6月，是中國大陸和全球最大規模的上市原生鉬生產企業，集團亦為發展中的鎢產品生產商。
